ldc.poro,ldc.visc,ldc.ettas7_0,ldc.ettas7_1,ldc.ettas7_2,ldc.ettas7_3,ldc.ettas7_4,ldc.ettas7_5,ldc.ettas7_6,ldc.ettas8_10_0,ldc.ettas8_10_1,ldc.ettas8_10_2 
0.151515,0.414938,0.004108296456,0.064136651995,0.119076546701,0.172058355128,0.222700927959,0.313406236542,0.338090353068,0.356885100092,0.372511816483,0.386267855279 
0.151515,0.409836,0.004110457075,0.064608476017,0.119958465517,0.173333363066,0.224369482277,0.315413180635,0.340082113102,0.358900779208,0.374562216328,0.388360109103 
0.151515,0.107875,0.004511727170,0.148867104856,0.282721965432,0.415052391149,0.507319032113,0.587196550854,0.612617453568,0.633357656977,0.651287064225,0.667463273240 
0.151515,0.374532,0.004126860573,0.068159670771,0.126626535016,0.182984353158,0.237023232863,0.330293028348,0.354919402101,0.373916414861,0.389815756928,0.403932894100 
0.151515,0.105708,0.004520870718,0.150843896808,0.286573876726,0.420819873255,0.512258499020,0.591908473276,0.617278182255,0.637980764371,0.655842119021,0.671950064316 
0.151515,0.141844,0.004398213728,0.124618096591,0.235507632440,0.344277674879,0.441602677413,0.523932823021,0.549609021698,0.570569733288,0.588877128610,0.605739564488 
0.151515,0.215517,0.004257807454,0.095472857330,0.178905063984,0.259761408531,0.338822045778,0.433182878251,0.457991926548,0.477917259910,0.495319145824,0.511529790422 
0.151515,0.138504,0.004407403091,0.126550688144,0.239271328517,0.349923643232,0.447258287682,0.529380395194,0.555053764051,0.576030829071,0.594342351752,0.611176756021 
0.151515,0.137174,0.004411152319,0.127345679673,0.240816904374,0.352237307229,0.449547462263,0.531584242216,0.557257705128,0.578241280351,0.596554479506,0.613375820492 
0.151515,0.157729,0.004358846407,0.116379879548,0.219483903164,0.320268643538,0.416433840352,0.499938721907,0.525603846518,0.546345950454,0.564543635951,0.581418511364 
0.151515,0.335570,0.004148569080,0.072790656658,0.135381454833,0.195712708453,0.253783637365,0.349139135971,0.373780888074,0.392986260070,0.409125933631,0.423654050477 
0.151515,0.322581,0.004156843233,0.074539362259,0.138703068990,0.200558776810,0.260184799900,0.356111549027,0.380761752488,0.400033253670,0.416250034321,0.430928010405 
0.151515,0.396825,0.004116180992,0.065855511266,0.122293947155,0.176707957216,0.228789203115,0.320685976691,0.345333274435,0.364218049664,0.379970015257,0.393880361963 
0.151515,0.485437,0.004082802120,0.058459800089,0.108522661953,0.156880799655,0.202952268731,0.288453776883,0.313779089665,0.332245155936,0.347392531093,0.360618381495 
0.151515,0.182149,0.004309578269,0.106153537012,0.199608236396,0.290566241228,0.380691203058,0.468375208931,0.493769794230,0.514212703429,0.532125394630,0.548787177225 
0.151515,0.144718,0.004390581386,0.123012998059,0.232385242261,0.339597390445,0.436847804551,0.519364302011,0.545042195878,0.565983565755,0.584284816237,0.601164509702 
0.151515,0.126263,0.004444366320,0.134378652318,0.254508557815,0.372770911612,0.469314401471,0.550679506032,0.576321090301,0.597248522178,0.615501398233,0.632151412198 
0.151515,0.107759,0.004512230551,0.148970786575,0.282923483747,0.415355414609,0.507578605334,0.587443446217,0.612862480997,0.633603622720,0.651531397052,0.667704419962 
0.151515,0.452489,0.004093806087,0.060934390102,0.113109578342,0.163463808911,0.211493241648,0.299554532030,0.324445229874,0.343061107199,0.358426836004,0.371890862520 
0.151515,0.120482,0.004463814530,0.138534229980,0.262599641086,0.384904409882,0.480558794991,0.561529771634,0.587131426373,0.608012347289,0.626205427850,0.642730121574 
0.110011,0.414938,0.004184550529,0.085335840911,0.159723057838,0.229910408857,0.296457150605,0.361086956388,0.379487796488,0.394712817895,0.408705469184,0.422172919164 
0.110011,0.409836,0.004187526429,0.085967236292,0.160907200298,0.231638358236,0.298784660758,0.363083229221,0.381489268687,0.396753260670,0.410803430419,0.424334413621 
0.110011,0.107875,0.004740429973,0.200174811718,0.383613217499,0.515684555949,0.572547637839,0.637911390508,0.659272599153,0.676683479123,0.692536373828,0.707424752338 
0.110011,0.374532,0.004210119735,0.090726721695,0.169871440642,0.244751358935,0.314900690330,0.377861280137,0.396275320968,0.411824586876,0.426286548975,0.440276099851 
0.110011,0.105708,0.004752963074,0.202851088215,0.388921021886,0.520588258861,0.577275160697,0.642478564700,0.663698108091,0.681027945915,0.696825566033,0.711659414272 
0.110011,0.141844,0.004583960551,0.167277176502,0.318522666541,0.450476327112,0.509304350675,0.575382266450,0.597791947340,0.616202169628,0.632724909870,0.648234360891 
0.110011,0.215517,0.004390527282,0.127673834100,0.240796213601,0.350228487167,0.419006503416,0.482696634090,0.503708167368,0.521766283231,0.538520475004,0.554349701613 
0.110011,0.138504,0.004596621328,0.169902723139,0.323712813742,0.456060977474,0.514712245898,0.580823199830,0.603234358738,0.621585235868,0.638058968943,0.653523610482 
0.110011,0.137174,0.004601786958,0.170979473987,0.325840942887,0.458331215997,0.516915870578,0.583034758036,0.605435042497,0.623746546624,0.640197418419,0.655643917013 
0.110011,0.157729,0.004529723048,0.156084385833,0.296435730348,0.425759891110,0.485490303515,0.551414064766,0.573598756044,0.592182981418,0.608888415660,0.624562607773 
0.110011,0.335570,0.004240020242,0.096948800402,0.181662622331,0.262112927072,0.334327023017,0.396598818682,0.415240875064,0.431266336309,0.446269274969,0.460819034874 
0.110011,0.322581,0.004251445311,0.099300472907,0.186139096328,0.268735352350,0.341404420077,0.403608754825,0.422467915324,0.438717583881,0.453928797154,0.468673375367 
0.110011,0.396825,0.004195434077,0.087638527528,0.164048447115,0.236225128159,0.304651337217,0.368318941614,0.386730261603,0.402093814622,0.416291465108,0.429986818193 
0.110011,0.485437,0.004149436380,0.077764718477,0.145596288819,0.209446478769,0.269036470995,0.336664770751,0.354957883680,0.369750792953,0.383033466121,0.395700219035 
0.110011,0.182149,0.004461847607,0.142190971546,0.269137836852,0.392330413562,0.454115550495,0.519213492732,0.540897734092,0.559304847036,0.576127285262,0.591947783316 
0.110011,0.144718,0.004573445065,0.165093674249,0.314218381335,0.445785891575,0.504763182576,0.570812141744,0.593204598649,0.611659740013,0.628222081647,0.643767570450 
0.110011,0.126263,0.004647549039,0.180521875133,0.344715635845,0.477926138792,0.535958624146,0.602034241677,0.624257973361,0.642291319094,0.658550677555,0.673823731323 
0.110011,0.107759,0.004741057585,0.200314868494,0.383894830891,0.515949589859,0.572804565850,0.638159175282,0.659514866142,0.676925043634,0.692775106347,0.707659917907 
0.110011,0.452489,0.004164592425,0.081060161931,0.151724350788,0.218290386816,0.280607652821,0.347410653487,0.365768853526,0.380744813234,0.394342661256,0.407368367452 
0.110011,0.120482,0.004674345628,0.186160503536,0.355880247637,0.489113946479,0.546829043477,0.612781446785,0.634799322911,0.652636909929,0.668777447298,0.683944149657 
0.111732,0.414938,0.004180259321,0.084147131497,0.157469895704,0.226732506353,0.292004592372,0.359135524950,0.377795488034,0.393121820197,0.407130897733,0.420581703551 
0.111732,0.409836,0.004183189342,0.084768647624,0.158637368158,0.228434287360,0.294334097102,0.361125354276,0.379787937625,0.395148450501,0.409212744891,0.422725546122 
0.111732,0.107875,0.004727564888,0.197303026246,0.377915887890,0.512081796918,0.569737956305,0.635613592165,0.657223684009,0.674760636430,0.690678266925,0.705618718338 
0.111732,0.374532,0.004205434324,0.089460993132,0.167477680081,0.241358251200,0.311458328800,0.375919420524,0.394592117928,0.410223943318,0.424696304012,0.438662855552 
0.111732,0.105708,0.004739904553,0.199942679056,0.383143562509,0.517001881909,0.574477492508,0.640196875016,0.661668203763,0.679127656769,0.694990026219,0.709875469899 
0.111732,0.141844,0.004573509856,0.164892932834,0.313846581157,0.446661920875,0.506439574544,0.573060837944,0.595615199976,0.614183179883,0.630782882690,0.646338875155 
0.111732,0.215517,0.004383060132,0.125867268341,0.237342953028,0.345183755553,0.416116458224,0.480492873303,0.501616642433,0.519736303270,0.536532186911,0.552400824910 
0.111732,0.138504,0.004585975308,0.167481810348,0.318954970515,0.452270668478,0.511849257785,0.578489416617,0.601058096098,0.619562523627,0.636111465475,0.651623566343 
0.111732,0.137174,0.004591061245,0.168543013844,0.321048222262,0.454545426616,0.514048160346,0.580692005421,0.603260036010,0.621733930966,0.638261195019,0.653755029520 
0.111732,0.157729,0.004520109043,0.153864426187,0.292117524147,0.421788892903,0.482627600540,0.549131135892,0.571435489909,0.590135749594,0.606914970390,0.622633577461 
0.111732,0.335570,0.004234873838,0.095588692201,0.179094058685,0.258447562080,0.331208075548,0.394641206169,0.413434336767,0.429489356086,0.444482477718,0.459003668014 
0.111732,0.322581,0.004246122756,0.097910990642,0.183515737474,0.264979097849,0.338349359042,0.401621220765,0.420631951458,0.436918125496,0.452123378196,0.466844272009 
0.111732,0.396825,0.004190975076,0.086416810278,0.161739178021,0.232957646901,0.300721997532,0.366367732282,0.385037096718,0.400491802601,0.414702123721,0.428377535237 
0.111732,0.485437,0.004145686511,0.076682480233,0.143538086997,0.206561464666,0.265487899055,0.334707524029,0.353240389570,0.368166059233,0.381477844769,0.394134011498 
0.111732,0.182149,0.004453280537,0.140169585002,0.265238208045,0.387672946449,0.451263733431,0.516905974002,0.538768795695,0.557272566366,0.574168026077,0.590030953184 
0.111732,0.144718,0.004563156593,0.162746670719,0.309611015989,0.441949925813,0.501898230125,0.568516379529,0.591039830214,0.609640671470,0.626277746403,0.641868721476 
0.111732,0.126263,0.004636117265,0.177947424021,0.339630864365,0.474214459745,0.533093073878,0.599691127224,0.622119874423,0.640302222932,0.656632126257,0.671954035818 
0.111732,0.107759,0.004728182819,0.197442713883,0.378195375493,0.512343575078,0.569992068098,0.635861102549,0.657465435468,0.675001508833,0.690916246861,0.705853148857 
0.111732,0.452489,0.004160608904,0.079929893557,0.149582067998,0.215286291217,0.276878852337,0.345451942594,0.364057830878,0.379149625953,0.392768358404,0.405780434619 
0.111732,0.120482,0.004662500381,0.183500995792,0.350615615710,0.485424640313,0.543966350933,0.610438715046,0.632686335670,0.650673504155,0.666883314439,0.682099282038 
0.205761,0.414938,0.004055012107,0.049160078608,0.090073326376,0.129999150446,0.168806181617,0.242704413805,0.277808376422,0.309507076815,0.329350632940,0.345246944403 
0.205761,0.409836,0.004056602988,0.049519811414,0.090741592027,0.130963387795,0.170057672980,0.244533416399,0.279920794297,0.311535473471,0.331341327187,0.347265191625 
0.205761,0.107875,0.004352023884,0.112666344435,0.212063218930,0.309660565800,0.406814869509,0.528798474620,0.559627321027,0.583866539127,0.603848445622,0.621691588462 
0.205761,0.374532,0.004068680945,0.052223377246,0.095783857332,0.138257502719,0.179525809237,0.258408627399,0.295988374978,0.326502548434,0.346181397175,0.362316528439 
0.205761,0.105708,0.004358718535,0.114138502643,0.214911937845,0.313900842964,0.412464296324,0.533645663302,0.564424771255,0.588585647163,0.608546799367,0.626377570104 
0.205761,0.141844,0.004268433493,0.094605524134,0.177085013811,0.257693040234,0.337483682476,0.464245075106,0.495961003421,0.520552105944,0.540783764608,0.558590351135 
0.205761,0.215517,0.004165072727,0.072832347697,0.134992976196,0.195538990876,0.254714043456,0.370322500202,0.404937211325,0.429901455140,0.450157625069,0.467641991523 
0.205761,0.138504,0.004275197910,0.096048148010,0.179881053073,0.261841315858,0.343020709595,0.469776690650,0.501392286787,0.525995893466,0.546235569227,0.564075300066 
0.205761,0.137174,0.004277987593,0.096639664368,0.181025997041,0.263540647742,0.345289194905,0.472021788056,0.503596861680,0.528203289280,0.548442199754,0.566292314565 
0.205761,0.157729,0.004239481017,0.088462781603,0.165190566010,0.240075080148,0.313973255246,0.439923081862,0.472085859429,0.496688130471,0.516863577591,0.534470261731 
0.205761,0.335570,0.004084664851,0.055736957932,0.102383094123,0.147827497767,0.191990113618,0.276771257127,0.318023918618,0.345386415690,0.365112155076,0.381532140494 
0.205761,0.322581,0.004090757026,0.057061032524,0.104883823239,0.151465261236,0.196741912907,0.283791586336,0.325781278272,0.352368996211,0.372131872618,0.388661823059 
0.205761,0.396825,0.004060830308,0.050469956508,0.092510849248,0.133522077015,0.173375180648,0.249385848927,0.285530485912,0.316850745653,0.336584777744,0.352582370350 
0.205761,0.485437,0.004036240360,0.044831202045,0.082068321825,0.118470260569,0.153904594339,0.221065201028,0.252868957721,0.283864463243,0.305084787785,0.320668273631 
0.205761,0.182149,0.004203209375,0.080824630748,0.150413289252,0.218247298968,0.284878397424,0.407639015040,0.440478745871,0.465266530345,0.485626158439,0.503166304552 
0.205761,0.144718,0.004262815182,0.093409590266,0.174770474617,0.254261792944,0.332903852583,0.459614974399,0.491418417450,0.515999501266,0.536226127699,0.554004567499 
0.205761,0.126263,0.004302406549,0.101878012115,0.191174403779,0.278605715381,0.365396399710,0.491441296642,0.522716887041,0.547306332987,0.567509575036,0.585412902948 
0.205761,0.107759,0.004352359028,0.112746175234,0.212214430463,0.309884197867,0.407113440677,0.529056149465,0.559883257200,0.584120450083,0.604104391265,0.621948043447 
0.205761,0.452489,0.004044342722,0.046718890068,0.085549847380,0.123475033603,0.160365482216,0.230417155892,0.263634698489,0.295413248778,0.315734424269,0.331445318298 
0.205761,0.120482,0.004316754773,0.104974837444,0.197170370372,0.287514343050,0.377284191202,0.502512577622,0.533644198637,0.558176139535,0.578330659785,0.596234764877 
0.160000,0.414938,0.004097571614,0.061138985517,0.113288205227,0.163708847584,0.212028535159,0.302819828615,0.329770813738,0.349397575210,0.365483201007,0.379531481408 
0.160000,0.409836,0.004099617560,0.061588996088,0.114130200776,0.164923322263,0.213612551209,0.304926825445,0.331757729583,0.351406016056,0.367528612629,0.381617050506 
0.160000,0.107875,0.004479627894,0.141587503167,0.268495771648,0.393916309308,0.493952946363,0.577688689998,0.603800541815,0.624994059617,0.643324284837,0.659857629393 
0.160000,0.374532,0.004115150446,0.064968874551,0.120469848239,0.174097558662,0.225618260712,0.320261906546,0.346569526649,0.366371795591,0.382757312495,0.397127130245 
0.160000,0.105708,0.004488240244,0.143465684993,0.272141589214,0.399378103756,0.498939608037,0.582425531988,0.608483744544,0.629642853235,0.647931097589,0.664394625806 
0.160000,0.141844,0.004372098002,0.118592203079,0.223805800667,0.326913998927,0.426873966301,0.514240005906,0.540809134637,0.562152122146,0.580689961067,0.597746251511 
0.160000,0.215517,0.004239146582,0.090939949743,0.170137088151,0.246926523991,0.322133827470,0.423743601239,0.449506590561,0.469946238191,0.487500408286,0.503724403481 
0.160000,0.138504,0.004380799368,0.120426731582,0.227370002384,0.332256130405,0.432764866538,0.519687146726,0.546241156632,0.567624139957,0.586184434880,0.603240045373 
0.160000,0.137174,0.004384349495,0.121179268021,0.228834902539,0.334451070958,0.435144359543,0.521902614034,0.548445481630,0.569843047395,0.588410844986,0.605463839868 
0.160000,0.157729,0.004334821137,0.110777539505,0.208618385981,0.304186476671,0.399468032231,0.490309575127,0.516814520404,0.538008463678,0.556390547251,0.573362773067 
0.160000,0.335570,0.004135706752,0.069376961624,0.128793125838,0.186185647042,0.241512326207,0.339348095657,0.365421627576,0.385397403836,0.402061596707,0.416775369858 
0.160000,0.322581,0.004143561314,0.071041617293,0.131953668638,0.190791672799,0.247585887277,0.346370513562,0.372404551923,0.392442097866,0.409189555667,0.424033427112 
0.160000,0.396825,0.004105054095,0.062778045205,0.116355585023,0.168139892219,0.217813600071,0.310412165912,0.336998793251,0.356705047406,0.372924774123,0.387116562513 
0.160000,0.485437,0.004073430343,0.055732031355,0.103241689012,0.149241264626,0.193252428132,0.275303225844,0.305517769888,0.324882797877,0.340506503667,0.354009208989 
0.160000,0.182149,0.004288168913,0.101078023802,0.189778001305,0.276084071146,0.361001626105,0.458856971719,0.485025028063,0.506023191420,0.524164159274,0.540904455403 
0.160000,0.144718,0.004364870961,0.117069884458,0.220849397473,0.322486525721,0.421877250362,0.509668095118,0.536238868006,0.557553088090,0.576074812985,0.593128056975 
0.160000,0.126263,0.004415799549,0.127847511685,0.241794039181,0.353880390153,0.455438823779,0.541016465690,0.567440741745,0.588871091981,0.607426778713,0.624389234087 
0.160000,0.107759,0.004480059080,0.141687160643,0.268686971257,0.394206410656,0.494218193127,0.577940009729,0.604049401835,0.625242129601,0.643571303043,0.660101242419 
0.160000,0.452489,0.004083850299,0.058088287158,0.107606485040,0.155517747797,0.201373688120,0.287616279534,0.316166208898,0.335643194870,0.351471024458,0.365225792949 
0.160000,0.120482,0.004434214828,0.131789656517,0.249453568799,0.365366867495,0.466882160308,0.551899392085,0.578246603765,0.599632863208,0.618144185472,0.635008026807 
0.144718,0.414938,0.004117796313,0.066784667356,0.124185204421,0.179397422065,0.232120597439,0.321389052814,0.344828534703,0.362995452433,0.378229799323,0.391803267123 
0.144718,0.409836,0.004120040865,0.067276349330,0.125106167187,0.180727767197,0.233862749642,0.323372495358,0.346818459128,0.365012065028,0.380277804973,0.393899362738 
0.144718,0.107875,0.004540200708,0.155308381952,0.295255855944,0.433676518007,0.517888499798,0.594969951982,0.619851615469,0.640204367100,0.657744017444,0.673661690791 
0.144718,0.374532,0.004137214098,0.070979161132,0.132066127990,0.190811801067,0.247103407524,0.338165655974,0.361683726121,0.380072395455,0.395557601405,0.409540591627 
0.144718,0.105708,0.004549723562,0.157373015987,0.299288865057,0.439766671121,0.522773095516,0.599672380042,0.624500009586,0.644785650780,0.662240637056,0.678094468186 
0.144718,0.141844,0.004421346653,0.129959621580,0.245843705378,0.359604290174,0.452870488162,0.531863329626,0.556929096047,0.577518473536,0.595616769100,0.612255647281 
0.144718,0.215517,0.004274306801,0.099486517627,0.186663320731,0.271132170987,0.353669511385,0.440870188381,0.465032081089,0.484560640888,0.501834588548,0.518022580023 
0.144718,0.138504,0.004430968288,0.131982619983,0.249785554922,0.365514332794,0.458437157556,0.537304199614,0.562386693408,0.582974035050,0.601063348677,0.617658067690 
0.144718,0.137174,0.004434893881,0.132812595778,0.251401772366,0.367935136836,0.460700627462,0.539519082815,0.564606639761,0.585179326492,0.603257410802,0.619831414356 
0.144718,0.157729,0.004380127591,0.121344060024,0.229082943917,0.334479096732,0.428275188947,0.507881879638,0.532835811649,0.553303069994,0.571343980202,0.588087511337 
0.144718,0.335570,0.004159941331,0.075807386530,0.141202749272,0.204108640950,0.264632457650,0.356974845551,0.380563498983,0.399141859880,0.414884799765,0.429316051544 
0.144718,0.322581,0.004168625419,0.077633854158,0.144673871386,0.209179549728,0.271335817338,0.363949752377,0.387551705381,0.406178651605,0.422021366659,0.436613322756 
0.144718,0.396825,0.004126051513,0.068576861640,0.127548175599,0.184260895166,0.238494181459,0.328607504545,0.352078403856,0.370343925985,0.385690787061,0.399440115454 
0.144718,0.485437,0.004091088244,0.060874791088,0.113182547706,0.163561042385,0.211460401626,0.296988342782,0.320427167763,0.338239662542,0.353023366170,0.366017816297 
0.144718,0.182149,0.004328542279,0.110651827486,0.208306990565,0.303390171464,0.395174940128,0.476211607296,0.500934985027,0.520943601636,0.538673227270,0.555274283863 
0.144718,0.144718,0.004413314558,0.128282782818,0.242580520238,0.354713340262,0.448205249975,0.527303936857,0.552351912583,0.572936494316,0.591036232256,0.607706878233 
0.144718,0.126263,0.004469625436,0.140170395628,0.265730569315,0.389419067496,0.480246642365,0.558569155792,0.583666454391,0.604208022163,0.622194651949,0.638572855694 
0.144718,0.107759,0.004540727786,0.155420223882,0.295474729168,0.434003742137,0.518149000120,0.595219445346,0.620098493815,0.640449935178,0.657986314552,0.673900765971 
0.144718,0.452489,0.004102608545,0.063450141307,0.117961575586,0.170422550425,0.220388158822,0.307735994169,0.331142940610,0.349115216062,0.364110311667,0.377355781922 
0.144718,0.120482,0.004490033618,0.144513594236,0.274197682782,0.402112439665,0.491400468837,0.569388447686,0.594457445917,0.614993689743,0.632895218846,0.649146104378 
0.259067,0.414938,0.004024400125,0.040476845926,0.073213556542,0.105292997604,0.136695246241,0.197266271303,0.226398880359,0.254840043500,0.282367727568,0.307689107142 
0.259067,0.409836,0.004025663674,0.040769547529,0.073754847314,0.106074872562,0.137708702618,0.198726779582,0.228091005915,0.256757461022,0.284512379146,0.309724837519 
0.259067,0.107875,0.004260251490,0.091713134753,0.171224592596,0.249130267670,0.326316451172,0.472253908962,0.511375777712,0.540514542648,0.563875069387,0.583371180697 
0.259067,0.374532,0.004035245810,0.042970407097,0.077833150108,0.111978202015,0.145382954670,0.209837208485,0.240969221036,0.271354380544,0.301001699757,0.324749567132 
0.259067,0.105708,0.004265567224,0.092897851474,0.173510426555,0.252505354274,0.330802402928,0.477405618493,0.516303755407,0.545341728394,0.568627312342,0.588044609664 
0.259067,0.141844,0.004193875848,0.077205869561,0.143181747215,0.207744726477,0.271400965331,0.397218988913,0.445906243074,0.476208016260,0.500151538410,0.520356578918 
0.259067,0.215517,0.004111795898,0.059664919579,0.109367993044,0.158055942339,0.205765224104,0.298894407392,0.344516578414,0.383930769489,0.408624570013,0.428592477696 
0.259067,0.138504,0.004199247348,0.078365321139,0.145424192995,0.211049038725,0.275778319395,0.403826457438,0.451519061308,0.481711489088,0.505615728251,0.525806441932 
0.259067,0.137174,0.004201462605,0.078840335387,0.146342304104,0.212403160252,0.277572089200,0.406555438672,0.453797067102,0.483947433209,0.507836154791,0.528018770726 
0.259067,0.157729,0.004170884938,0.072266869644,0.133630724678,0.193686466557,0.252793697427,0.369280455515,0.421043223773,0.451980252918,0.476077904446,0.496271310038 
0.259067,0.335570,0.004047939760,0.045827957674,0.083155764003,0.119713343000,0.155464161126,0.224522028961,0.258009719641,0.290696972487,0.322690487412,0.343669566142 
0.259067,0.322581,0.004052790077,0.046905524619,0.085169544125,0.122648429567,0.159297081482,0.230131676859,0.264522792241,0.298099072666,0.330099248810,0.350666094930 
0.259067,0.396825,0.004029011035,0.041543260285,0.075185758267,0.108143536151,0.140396767156,0.202614052326,0.232594923699,0.261860784385,0.290230313983,0.315065808796 
0.259067,0.485437,0.004009490730,0.036949907315,0.066719117477,0.095936293231,0.124582950991,0.179873783705,0.206307354032,0.232089477441,0.257011492133,0.281534330584 
0.259067,0.182149,0.004142081277,0.066115949631,0.121761742034,0.176244707216,0.229748186554,0.334737071668,0.386915388037,0.420006945396,0.444282140142,0.464374165332 
0.259067,0.144718,0.004189414432,0.076244464021,0.141322592474,0.205006808203,0.267775769197,0.391769521496,0.441194749993,0.471593152191,0.495567913122,0.515778149438 
0.259067,0.126263,0.004220852974,0.083050406663,0.154483380293,0.224408185729,0.293485964020,0.431144978980,0.473461149237,0.503275248416,0.527025096869,0.547068246917 
0.259067,0.107759,0.004260517574,0.091777141317,0.171346595187,0.249308437808,0.326552577986,0.472526201726,0.511634273829,0.540767168233,0.564123786543,0.583615840961 
0.259067,0.452489,0.004015926019,0.038488357648,0.069546863617,0.100004039302,0.129840119055,0.187402305297,0.214991548354,0.241919104292,0.267950185922,0.293449049219 
0.259067,0.120482,0.004232246331,0.085535658545,0.159287144360,0.231498412324,0.302894575323,0.443758591655,0.484673825675,0.514303387314,0.537962813731,0.557871420651 
0.289855,0.414938,0.004011850429,0.036897555378,0.066273723455,0.095036238543,0.123313416669,0.178151786701,0.204592923292,0.230524265638,0.255875609643,0.280487920166 
0.289855,0.409836,0.004012970944,0.037161953594,0.066761760040,0.095741812465,0.124230123147,0.179474853588,0.206118461504,0.232256137023,0.257808536779,0.282623172519 
0.289855,0.107875,0.004222619284,0.083069287183,0.154332837525,0.224174573045,0.293165299034,0.430499252464,0.483381632262,0.516059327424,0.541730082184,0.563136026563 
0.289855,0.374532,0.004021544209,0.039154004445,0.070443792679,0.101072029656,0.131151175915,0.189479585135,0.217675596775,0.245383891286,0.272471571016,0.298900104088 
0.289855,0.105708,0.004227369669,0.084133025267,0.156386181267,0.227194903496,0.297169361926,0.436519129986,0.488426992429,0.520977836689,0.546577259544,0.567933910702 
0.289855,0.141844,0.004163322661,0.070018854270,0.129139909225,0.187126889838,0.244134120178,0.356933625289,0.413755305081,0.450772495789,0.477255171365,0.498986088589 
0.289855,0.215517,0.004089963182,0.054231509296,0.098819815955,0.142564052247,0.185426940786,0.269142102011,0.310366873234,0.351027192896,0.384967328273,0.407127043426 
0.289855,0.138504,0.004168123387,0.071060724136,0.131151603203,0.190084901941,0.248041132177,0.362798140614,0.420235875004,0.456352334777,0.482765455107,0.504478150410 
0.289855,0.137174,0.004170082022,0.071487885339,0.131976575954,0.191297546577,0.249643050045,0.365201641241,0.422799399073,0.458622365397,0.485010593219,0.506716793630 
0.289855,0.157729,0.004142755470,0.065572594097,0.120573456898,0.174532943135,0.227508641375,0.331989227006,0.383662870491,0.426101595354,0.452975017219,0.474772533725 
0.289855,0.335570,0.004032889921,0.041738706501,0.075245976826,0.108050537063,0.140236246827,0.202672400996,0.232963621590,0.262771403935,0.291912857595,0.320847100222 
0.289855,0.322581,0.004037214233,0.042713071659,0.077062433965,0.110695824105,0.143684764799,0.207696055044,0.238796530451,0.269411351177,0.299348700855,0.328362822775 
0.289855,0.396825,0.004015971623,0.037863252566,0.068056200405,0.097613167299,0.126657643164,0.182978860989,0.210161673996,0.236847324250,0.262934591599,0.288292166245 
0.289855,0.485437,0.003998524497,0.033700081606,0.060398662412,0.086582507300,0.112372860242,0.162442835118,0.186532043873,0.210044002522,0.233023350495,0.255312555945 
0.289855,0.182149,0.004117014025,0.060038870936,0.109935003084,0.158898211111,0.206909422655,0.301140517046,0.347669116333,0.392817767463,0.420996005322,0.442866417756 
0.289855,0.144718,0.004159335307,0.069153371885,0.127472553922,0.184676204850,0.240895324948,0.352069673478,0.407966235687,0.446084698841,0.472627549698,0.494372521787 
0.289855,0.126263,0.004187433127,0.075273880959,0.139285005398,0.202042602132,0.263853547303,0.386532196433,0.444085629643,0.478215851082,0.504377896693,0.526013643445 
0.289855,0.107759,0.004222882282,0.083124709556,0.154441483683,0.224334492228,0.293377424822,0.430817581874,0.483651696564,0.516323277142,0.541990600857,0.563394141584 
0.289855,0.452489,0.004004268218,0.035095472288,0.062958998829,0.090258167675,0.117124847447,0.169248981531,0.194345498565,0.218896389546,0.242898454185,0.266176353554 
0.289855,0.120482,0.004197592375,0.077510984794,0.143603666281,0.208393774987,0.272259684618,0.399146316211,0.455846719943,0.489404186686,0.515432692868,0.537017832169 
0.147275,0.414938,0.004114118871,0.065760938676,0.122217212393,0.176571743191,0.228502151831,0.318420139430,0.342293795179,0.360688044054,0.376070662382,0.389703591381 
0.147275,0.409836,0.004116341745,0.066245039165,0.123122411395,0.177879207133,0.230214774922,0.320413203074,0.344289634436,0.362710867926,0.378126762908,0.391805919865 
0.147275,0.107875,0.004529178418,0.152812219715,0.290399482570,0.426447200516,0.513921213685,0.592016516636,0.617101991303,0.637612414496,0.655305437440,0.671317347570 
0.147275,0.374532,0.004133199149,0.069889007674,0.129971796704,0.187799373634,0.243227170691,0.335224351494,0.359141524610,0.377754851151,0.393394086508,0.407419869371 
0.147275,0.105708,0.004538535594,0.154846524393,0.294363680845,0.432386405911,0.518832019312,0.596727550049,0.621759125174,0.642207364437,0.659815955487,0.675761446482 
0.147275,0.141844,0.004412391769,0.127890499879,0.241841843153,0.353662987040,0.448649702905,0.528850247951,0.554134561556,0.574879383772,0.593064348876,0.609794857155 
0.147275,0.215517,0.004267908705,0.097932514211,0.183656149240,0.266725294658,0.347888237516,0.437953705835,0.462362272770,0.482032926493,0.499353035791,0.515549402546 
0.147275,0.138504,0.004421846068,0.129881810355,0.245717460881,0.359473141046,0.454250200428,0.534307205951,0.559601489982,0.580343986588,0.598521980769,0.615211776933 
0.147275,0.137174,0.004425703388,0.130697325835,0.247303720843,0.361854454885,0.456518555649,0.536508483612,0.561807108257,0.582538856783,0.600709095613,0.617380602119 
0.147275,0.157729,0.004371889531,0.119420392262,0.225366417160,0.328967535092,0.423887375020,0.504887659558,0.530102661200,0.550673538653,0.568771464693,0.585570310240 
0.147275,0.335570,0.004155531340,0.074640495239,0.138954762543,0.200873007264,0.260454223350,0.354031742820,0.378010826942,0.396828611815,0.412710869925,0.427172598541 
0.147275,0.322581,0.004164064478,0.076435503394,0.142362358443,0.205849891448,0.267032676394,0.360999861893,0.384992772637,0.403867171666,0.419838213825,0.434456848013 
0.147275,0.396825,0.004122230585,0.067527035994,0.125525753952,0.181355262787,0.234768720238,0.325657780163,0.349543830223,0.368034102857,0.383533222364,0.397334325110 
0.147275,0.485437,0.004087875013,0.059942455896,0.111381143343,0.160980306676,0.208181577547,0.293889235282,0.317919312059,0.335971042077,0.350890001037,0.363968645895 
0.147275,0.182149,0.004321201214,0.108911811218,0.204945227383,0.298426329260,0.390194591771,0.473241034615,0.498218185668,0.518389997834,0.536188388658,0.552812937941 
0.147275,0.144718,0.004404539386,0.126244012484,0.238638084923,0.348858452702,0.443958166687,0.524292204628,0.549564148614,0.570294368924,0.588474325546,0.605231075523 
0.147275,0.126263,0.004459830859,0.137928408001,0.261384322074,0.382964507753,0.476128680555,0.555579194894,0.580876389895,0.601558315186,0.619651458882,0.636132201229 
0.147275,0.107759,0.004529696323,0.152920437060,0.290606856312,0.426758968057,0.514179081794,0.592263056821,0.617346301475,0.637856803394,0.655547544352,0.671556439769 
0.147275,0.452489,0.004099195083,0.062478274366,0.116088026583,0.167737718287,0.216966841671,0.304718120763,0.328617401790,0.346823521735,0.361957564980,0.375278342887 
0.147275,0.120482,0.004479884051,0.142199992857,0.269708646501,0.395444544207,0.487311483057,0.566402055153,0.591668785498,0.612340079982,0.630367608316,0.646722333098 
0.116822,0.414938,0.004168327446,0.080833119041,0.151167487602,0.217810347998,0.280733353945,0.353302538339,0.372721078653,0.388398469574,0.402476640284,0.415892409096 
0.116822,0.409836,0.004171129902,0.081429231143,0.152284478234,0.219437354703,0.282870541722,0.355298490676,0.374725774074,0.390430644249,0.404561609266,0.418038181516 
0.116822,0.107875,0.004691728611,0.189311392693,0.362129028610,0.501393633284,0.561495657238,0.628911800139,0.651234595226,0.669172079423,0.685285164056,0.700374140626 
0.116822,0.374532,0.004192382775,0.085935272489,0.160765525472,0.231800402787,0.299190645748,0.370107670088,0.389565600613,0.405490540391,0.420012544405,0.433930562718 
0.116822,0.105708,0.004703529472,0.191843859670,0.367138927227,0.506372851813,0.566278315596,0.633531528176,0.655714202227,0.673543983637,0.689596776535,0.704633343906 
0.116822,0.141844,0.004544398816,0.158258819562,0.300843394861,0.435155383447,0.498037970884,0.566395675675,0.589316952609,0.608298662023,0.625130238180,0.640823340157 
0.116822,0.215517,0.004362259853,0.120833619155,0.227685555453,0.331120411974,0.407521377928,0.474100700648,0.495544258291,0.513814656335,0.530692200640,0.546673208657 
0.116822,0.138504,0.004556320192,0.160740035820,0.305726081403,0.440880923144,0.503448778880,0.571782284042,0.594740746475,0.613679495023,0.630461020158,0.646112471188 
0.116822,0.137174,0.004561236491,0.161758263700,0.307729821734,0.443205518387,0.505654764754,0.573973308236,0.596942166853,0.615861141003,0.632621442599,0.648255021712 
0.116822,0.157729,0.004493375868,0.147685635442,0.280071460614,0.409384215529,0.474217854895,0.542354810522,0.565059608426,0.584073406445,0.601089530028,0.616950206555 
0.116822,0.335570,0.004220564041,0.091816288397,0.171906673842,0.248152533394,0.321226423780,0.388845068988,0.408276970463,0.424503402231,0.439501524614,0.453949703346 
0.116822,0.322581,0.004231296387,0.094042741596,0.176142819174,0.254398594686,0.328762999132,0.395778230567,0.415275366028,0.431672415808,0.446862900076,0.461508054750 
0.116822,0.396825,0.004178554214,0.083010047671,0.155257626638,0.223763593553,0.288558043524,0.360541726664,0.379985602236,0.395765536115,0.410035908874,0.423671405444 
0.116822,0.485437,0.004135240998,0.073666545705,0.137785443345,0.198479724687,0.255460150339,0.328888316719,0.348103482185,0.363469480119,0.376898246382,0.389531646968 
0.116822,0.182149,0.004429458766,0.134554431871,0.254374559484,0.371178342716,0.442873885888,0.510208668171,0.532539379139,0.551312870345,0.568421337922,0.584420876402 
0.116822,0.144718,0.004534497426,0.156201296195,0.296792329811,0.430320733220,0.493488369001,0.561859044622,0.584743874856,0.603747852904,0.620618447564,0.636345483349 
0.116822,0.126263,0.004604273437,0.170770179094,0.325491180554,0.463157867320,0.524720840647,0.592879627791,0.615836402443,0.634485831409,0.651040036789,0.666506334751 
0.116822,0.107759,0.004692381725,0.189448525855,0.362400937957,0.501659481189,0.561749385193,0.629161010221,0.651474442985,0.669402389460,0.685511549032,0.700597870224 
0.116822,0.452489,0.004149512532,0.076783022733,0.143585421901,0.206835151728,0.266365809211,0.339621435000,0.358949003648,0.374448738729,0.388161915356,0.401146711710 
0.116822,0.120482,0.004629562269,0.176094400419,0.336003753660,0.474489473215,0.535598575567,0.603626708170,0.626473909498,0.644923283358,0.661349460908,0.676710619068 
0.229358,0.414938,0.004039706310,0.044825741126,0.081649308056,0.117672616545,0.152824096150,0.220162227075,0.252489615896,0.283659901519,0.311042894285,0.328719574790 
0.229358,0.409836,0.004041133529,0.045153674704,0.082256425503,0.118548362274,0.153960184229,0.221812126991,0.254396138210,0.285824336754,0.313060881230,0.330710643086 
0.229358,0.107875,0.004306119848,0.102208370154,0.191659522948,0.279359553957,0.366641576100,0.504157014588,0.538218939824,0.564354836788,0.585563083940,0.603918030751 
0.229358,0.374532,0.004051956889,0.047605660264,0.086813554033,0.125149806177,0.162543437167,0.234322797633,0.268863627693,0.302532207816,0.327986772027,0.345576125888 
0.229358,0.105708,0.004312124757,0.103535059827,0.194222364240,0.283166410799,0.371716841072,0.509110163901,0.543044678548,0.569134148613,0.590286080980,0.608626152717 
0.229358,0.141844,0.004231166459,0.085927450754,0.160180726002,0.232733763194,0.304449596244,0.438253645688,0.474053021862,0.500896591839,0.522709254243,0.541228155888 
0.229358,0.215517,0.004138443070,0.066262183828,0.122215298783,0.176828956579,0.230293665103,0.334852946273,0.381620050586,0.409726317019,0.431635863979,0.450135066145 
0.229358,0.138504,0.004237234600,0.087226416844,0.162695822409,0.236449587526,0.309404393486,0.443934581404,0.479548835641,0.506324270429,0.528090605756,0.546571644296 
0.229358,0.137174,0.004239710342,0.087759110841,0.163726812600,0.237973514686,0.311436688488,0.446240064556,0.481784613644,0.508532692910,0.530277451194,0.548743594895 
0.229358,0.157729,0.004205169774,0.080383003599,0.149456896891,0.216907188524,0.283376112923,0.412834163621,0.449825574880,0.476948488378,0.498867184720,0.517556559198 
0.229358,0.335570,0.004066295191,0.050790658378,0.092772560146,0.133804337005,0.173824733116,0.250873220594,0.288026113290,0.323964378001,0.346863293043,0.364554789506 
0.229358,0.322581,0.004071773818,0.051992780109,0.095032401972,0.137092914272,0.178117851633,0.257201491241,0.295364258513,0.331326353751,0.353859585493,0.371608158489 
0.229358,0.396825,0.004044914490,0.046015935999,0.083856330619,0.120863407776,0.156967833371,0.226187403701,0.259454807497,0.291582957861,0.318356274453,0.335961219157 
0.229358,0.485437,0.004022865693,0.040896519942,0.074402281951,0.107234718243,0.139310758425,0.200643078063,0.229936407783,0.258156374650,0.285754296129,0.304447244313 
0.229358,0.182149,0.004172633566,0.073492694690,0.136139696693,0.197285979530,0.257335217136,0.375596780815,0.417833374060,0.445285050731,0.467211586871,0.485956910556 
0.229358,0.144718,0.004226126445,0.084847224669,0.158091983605,0.229649250562,0.300341367507,0.433468739597,0.469442123435,0.496343600297,0.518188274823,0.536740538181 
0.229358,0.126263,0.004261642475,0.092486009394,0.172869902528,0.251496145041,0.329476313551,0.466089028318,0.501095292994,0.527610232133,0.549131743978,0.567509637347 
0.229358,0.107759,0.004306452269,0.102277802450,0.191791425792,0.279557839484,0.366908809052,0.504418850529,0.538473275120,0.564606558477,0.585816181068,0.604173400930 
0.229358,0.452489,0.004030134539,0.042609417243,0.077554374491,0.111766165812,0.145169771029,0.209079992039,0.239678378705,0.269156276334,0.297067640974,0.315095244263 
0.229358,0.120482,0.004274484194,0.095278900285,0.178268082911,0.259491780780,0.340144194455,0.477363664766,0.512088100374,0.538481593225,0.559920482033,0.578307991788 
0.146413,0.414938,0.004115344674,0.066102420663,0.122872938458,0.177514755450,0.229711260748,0.319423127217,0.343146165123,0.361462567440,0.376795360400,0.390407247835 
0.146413,0.409836,0.004117580654,0.066590127559,0.123785869486,0.178833573100,0.231436747927,0.321414790806,0.345142264989,0.363485579592,0.378850754790,0.392509223482 
0.146413,0.107875,0.004532852476,0.153645101895,0.292013907251,0.428844789576,0.515247430375,0.592994255561,0.618013112403,0.638470719920,0.656112132736,0.672092492321 
0.146413,0.374532,0.004134537453,0.070252853446,0.130670948201,0.188807149789,0.244524212430,0.336221970117,0.360003497680,0.378541107792,0.394127894455,0.408138104283 
0.146413,0.105708,0.004542264877,0.155688776646,0.296001912620,0.434822623041,0.520157365344,0.597712736581,0.622676332806,0.643070628896,0.660627540781,0.676541883336 
0.146413,0.141844,0.004415376702,0.128580649798,0.243179727796,0.355646425318,0.450081628424,0.529875220419,0.555083129100,0.575775085206,0.593930215828,0.610629703209 
0.146413,0.215517,0.004270041385,0.098449103737,0.184654819474,0.268187716616,0.349799958569,0.438933545719,0.463260115917,0.482883793836,0.500189149422,0.516383006802 
0.146413,0.138504,0.004424886779,0.130582902507,0.247075476351,0.361489833542,0.455663015753,0.535308292251,0.560530728520,0.581214713644,0.599360437759,0.616018460945 
0.146413,0.137174,0.004428766856,0.131404044258,0.248669364878,0.363878765466,0.457928913126,0.537519394454,0.562745404561,0.583429694770,0.601572117457,0.618211701953 
0.146413,0.157729,0.004374635526,0.120064085421,0.226605092913,0.330801881619,0.425372071978,0.505894113019,0.531019345424,0.551556102438,0.569634982170,0.586416314845 
0.146413,0.335570,0.004157001324,0.075030428922,0.139708016093,0.201955409175,0.261852424882,0.355028289336,0.378876718153,0.397615493834,0.413449790730,0.427900777862 
0.146413,0.322581,0.004165584779,0.076834775231,0.143134916825,0.206959007165,0.268466215896,0.361993074584,0.385855435796,0.404648426913,0.420575236887,0.435184619144 
0.146413,0.396825,0.004123504216,0.067876725558,0.126199874151,0.182324569489,0.236012308032,0.326653624091,0.350396342149,0.368809948167,0.384257875191,0.398040688710 
0.146413,0.485437,0.004088946080,0.060253280914,0.111982086023,0.161841164127,0.209274996992,0.294942665018,0.318762868405,0.336733934063,0.351607888700,0.364658056371 
0.146413,0.182149,0.004323648213,0.109494024426,0.206069889298,0.300081689373,0.391910107682,0.474233787538,0.499125207249,0.519240424960,0.537015169728,0.553632140653 
0.146413,0.144718,0.004407477993,0.126922120252,0.239949225065,0.350801527398,0.445386480228,0.525300081826,0.550495995019,0.571176326237,0.589328768257,0.606057322061 
0.146413,0.126263,0.004463095686,0.138674765990,0.262830902367,0.385114291071,0.477518519530,0.556586483133,0.581815488067,0.602443048407,0.620497218411,0.636942434567 
0.146413,0.107759,0.004533373439,0.153751095956,0.292225881600,0.429160211705,0.515517267458,0.593255817132,0.618270268461,0.638729884392,0.656369838080,0.672346545575 
0.146413,0.452489,0.004100332893,0.062801941995,0.116711308004,0.168631199575,0.218107880498,0.305741415112,0.329470219676,0.347597699425,0.362685688229,0.375980282823 
0.146413,0.120482,0.004483267206,0.142971213119,0.271205459826,0.397669009292,0.488690046060,0.567405502231,0.592605491151,0.613233083495,0.631220536720,0.647540202360 
0.245098,0.414938,0.004031129103,0.042392190795,0.076930213783,0.110754958973,0.143820167058,0.207423823432,0.237997724902,0.267677105092,0.297031840402,0.317798317869 
0.245098,0.409836,0.004032464604,0.042699302822,0.077498310963,0.111577121738,0.144887360704,0.208970839930,0.239787477208,0.269702350358,0.299293047534,0.319789986566 
0.245098,0.107875,0.004280446618,0.096338719279,0.180231267701,0.262428994740,0.344040906240,0.487418796973,0.524026348687,0.551624997186,0.573851167806,0.592629317766 
0.245098,0.374532,0.004042603696,0.045011176482,0.081784306240,0.117788378501,0.152962085422,0.220704249418,0.253371774833,0.285098431096,0.315216789949,0.334606979870 
0.245098,0.105708,0.004286065761,0.097586514657,0.182638542022,0.265991121232,0.348780686042,0.492431780889,0.528897038029,0.556414040689,0.578568558379,0.597319815361 
0.245098,0.141844,0.004210283009,0.081045561885,0.150669791633,0.218753480293,0.285942385531,0.419105553697,0.459186711262,0.487804526793,0.510726177343,0.530178901353 
0.245098,0.215517,0.004123520186,0.062569033226,0.115017311653,0.166342684748,0.216594343105,0.314827255572,0.363695100472,0.396222209617,0.419440294020,0.438644189051 
0.245098,0.138504,0.004215961012,0.082268936883,0.153036238830,0.222242917987,0.290575198516,0.425260177112,0.464731959619,0.493276200155,0.516172373322,0.535578632027 
0.245098,0.137174,0.004218277583,0.082769252374,0.154004741566,0.223671917614,0.292472300888,0.427724680168,0.466984202658,0.495497448165,0.518382004501,0.537767094644 
0.245098,0.157729,0.004185957640,0.075841585511,0.140601510765,0.203916736298,0.266259504853,0.389312921832,0.434773827668,0.463739652367,0.486751557025,0.506297214132 
0.245098,0.335570,0.004056021654,0.048014238160,0.087387080902,0.125935463478,0.163582053966,0.236222141398,0.271366159087,0.305559676002,0.334558747404,0.353479698231 
0.245098,0.322581,0.004061135807,0.049145966099,0.089509533578,0.129028678088,0.167620060879,0.242147957579,0.278241365020,0.313455851453,0.341622626820,0.360485769953 
0.245098,0.396825,0.004036013322,0.043512270406,0.079003096303,0.113756021194,0.147717088536,0.213075676043,0.244537286553,0.275081814959,0.305059342674,0.325033104525 
0.245098,0.485437,0.004015370698,0.038687765717,0.070106385496,0.100922143687,0.131084542749,0.189083515412,0.216811587689,0.243722397880,0.269594664433,0.293284220592 
0.245098,0.182149,0.004155533282,0.069365106121,0.128091337651,0.185519214676,0.241903416309,0.352709651105,0.402251206207,0.431923352076,0.455033047956,0.474469371519 
0.245098,0.144718,0.004205567024,0.080034829660,0.148713464889,0.215868251646,0.282111042046,0.413817324395,0.454543916594,0.483227034858,0.506169501981,0.525654773931 
0.245098,0.126263,0.004238799552,0.087205831170,0.162585071313,0.236337466269,0.309310231755,0.448497714605,0.486460253239,0.514683748565,0.537431320464,0.556596940389 
0.245098,0.107759,0.004280727883,0.096404771748,0.180359036035,0.262617642504,0.344291497012,0.487685555240,0.524285765149,0.551880147110,0.574101639856,0.592876771244 
0.245098,0.452489,0.004022172436,0.040302792053,0.073074676969,0.105191099203,0.136606558797,0.197012120631,0.225963587974,0.254063905794,0.281163062261,0.304106521996 
0.245098,0.120482,0.004250815549,0.089827399798,0.167651359448,0.243820694675,0.319268629698,0.460105834560,0.497586571193,0.525630631455,0.548261778576,0.567293198409 
0.194175,0.414938,0.004063896800,0.051669744837,0.094945277043,0.137074337566,0.177939036838,0.255518444212,0.292309083472,0.319747176776,0.338233341014,0.353534376642 
0.194175,0.409836,0.004065582684,0.052048899874,0.095651607283,0.138092829742,0.179259129246,0.257447516362,0.294670248632,0.321739034806,0.340239220284,0.355575971954 
0.194175,0.107875,0.004378651513,0.118703734596,0.223854819287,0.327261978440,0.430057194826,0.540781561125,0.570446541554,0.593744875374,0.613342116780,0.630962101573 
0.194175,0.374532,0.004078367676,0.054895314379,0.100969400038,0.145787043996,0.189253136938,0.272098490856,0.311604358692,0.336538196480,0.355161581798,0.370769433606 
0.194175,0.105708,0.004385746291,0.120260359626,0.226871546966,0.331761973502,0.436063227119,0.545613391181,0.575214659903,0.598452662842,0.618032711099,0.635634100667 
0.194175,0.141844,0.004290065965,0.099628195646,0.186853306051,0.272171582251,0.356600848635,0.476813786654,0.506829211218,0.530596973723,0.550297564326,0.567917567188 
0.194175,0.215517,0.004180530561,0.076626632960,0.142379828786,0.206356316230,0.268881956619,0.384778635072,0.416206337412,0.439902972324,0.459429526915,0.476353695586 
0.194175,0.138504,0.004297234548,0.101152184178,0.189808261022,0.276560780165,0.362461568512,0.482290510467,0.512266565306,0.536038099920,0.555747916088,0.573389331708 
0.194175,0.137174,0.004300159283,0.101776922324,0.191017514293,0.278358839707,0.364860901346,0.484510604191,0.514471359602,0.538241886670,0.557952777875,0.575601099867 
0.194175,0.157729,0.004259355174,0.093134822712,0.174276984294,0.253507150933,0.331684708002,0.452695443434,0.482973963692,0.506632468206,0.526217475505,0.543668014191 
0.194175,0.335570,0.004095304730,0.058597714964,0.107933409230,0.155900793323,0.202432001526,0.291520784988,0.331280932057,0.355374951536,0.374173943546,0.390131510899 
0.194175,0.322581,0.004101776351,0.059993148114,0.110571720227,0.159741529707,0.207449668772,0.298949014257,0.338404110723,0.362366226529,0.381231905460,0.397316900931 
0.194175,0.396825,0.004070048904,0.053049370297,0.097516216228,0.140788021042,0.182757140526,0.262566208200,0.300987881165,0.326969014673,0.345508632846,0.360939817932 
0.194175,0.485437,0.004044004083,0.047112301063,0.086509660340,0.124933693774,0.162246524621,0.232686522756,0.265782445780,0.295328497406,0.313858275176,0.328747668091 
0.194175,0.182149,0.004220919640,0.085066633845,0.158673571532,0.230399707257,0.300866717045,0.420810360584,0.451564742031,0.475174351674,0.494661280892,0.511796773548 
0.194175,0.144718,0.004284111974,0.098362330081,0.184403408117,0.268531064357,0.351740845056,0.472222429356,0.502277547281,0.526033982924,0.545717340952,0.563312701402 
0.194175,0.126263,0.004326068975,0.107312760776,0.201754839184,0.294328268584,0.386171765288,0.503715131628,0.533581382422,0.557284789018,0.576984670959,0.594665818783 
0.194175,0.107759,0.004379006679,0.118785976240,0.224013023036,0.327499587079,0.430376441165,0.541044770867,0.570706232474,0.593998735358,0.613589811418,0.631206739986 
0.194175,0.452489,0.004052590281,0.049099387793,0.090175892741,0.130198621535,0.169043368862,0.242550442300,0.277152767684,0.306094286714,0.324543367364,0.339610783267 
0.194175,0.120482,0.004341239874,0.110582202315,0.208097324445,0.303772374419,0.398765835927,0.514671365905,0.544507821977,0.568115349623,0.587778102715,0.605450800834 
0.115473,0.414938,0.004171392603,0.081682853718,0.152782283530,0.220099215300,0.283598928173,0.354846257052,0.374067157655,0.389644129134,0.403700957065,0.417124657065 
0.115473,0.409836,0.004174227830,0.082286574282,0.153918042134,0.221748734666,0.285765259846,0.356840032503,0.376067083391,0.391673158880,0.405783421990,0.419268116379 
0.115473,0.107875,0.004700917093,0.191362601154,0.366177179126,0.504231059636,0.563668544834,0.630675951173,0.652809145441,0.670622920776,0.686681395761,0.701732655374 
0.115473,0.374532,0.004195729231,0.086838797286,0.162498972778,0.234260845734,0.302447320164,0.371642425381,0.390890460305,0.406730196273,0.421236191702,0.435164619957 
0.115473,0.105708,0.004712856101,0.193923379200,0.371238320298,0.509184709592,0.568427882718,0.635277769651,0.657279423553,0.675014503780,0.691017510303,0.706014476733 
0.115473,0.141844,0.004551862957,0.159961762091,0.304166378773,0.438236626379,0.500239033205,0.568133932000,0.590960952313,0.609828416269,0.626595303615,0.642252665503 
0.115473,0.215517,0.004367593107,0.122122085377,0.230157409905,0.334722026472,0.409799040214,0.475782251124,0.497132474978,0.515363165939,0.532223889191,0.548176415622 
0.115473,0.138504,0.004563923834,0.162470823807,0.309111664857,0.443932292551,0.505663233860,0.573532062505,0.596391850215,0.615211937396,0.631928982182,0.647544123367 
0.115473,0.137174,0.004568897668,0.163500289323,0.311138782586,0.446239002442,0.507864116207,0.575717570933,0.598588803469,0.617394171876,0.634091886646,0.649689171173 
0.115473,0.157729,0.004500242998,0.149269736034,0.283145663580,0.412795668609,0.476426189013,0.544136150174,0.566730296613,0.585658776256,0.602608980264,0.618431359174 
0.115473,0.335570,0.004224240059,0.092782133489,0.173763284184,0.250804426826,0.324031395152,0.390382217748,0.409603895429,0.425760531303,0.440747187759,0.455210349687 
0.115473,0.322581,0.004235097913,0.095034035220,0.178042844164,0.257116517478,0.331398979658,0.397320431014,0.416679715675,0.433048055592,0.448243152437,0.462908682910 
0.115473,0.396825,0.004181738960,0.083883089640,0.156920252419,0.226119062746,0.291519578816,0.362079156392,0.381320231821,0.397007327509,0.411259265608,0.424903667385 
0.115473,0.485437,0.004137919257,0.074442059119,0.139264747087,0.200559930214,0.258047397227,0.330427585699,0.349464830542,0.364708721384,0.378101419633,0.390739233821 
0.115473,0.182149,0.004435535215,0.135993703095,0.257150793090,0.375365057431,0.445086682145,0.511955784769,0.534176243111,0.552882488348,0.569936990914,0.585899001456 
0.115473,0.144718,0.004541845708,0.157878502791,0.300069269591,0.433444728471,0.495689764917,0.563588623937,0.586380099839,0.605279490693,0.622086698823,0.637778461983 
0.115473,0.126263,0.004612438263,0.172611910634,0.329115178731,0.466100267532,0.526924038007,0.594663085689,0.617490006411,0.636008193522,0.652499862663,0.667928282176 
0.115473,0.107759,0.004701577856,0.191498583205,0.366442981424,0.504491882111,0.563920792938,0.630920663657,0.653048349749,0.670859518096,0.686915235819,0.701963467328 
0.115473,0.452489,0.004152357674,0.077592380880,0.145127223055,0.209009815522,0.269071483890,0.341161795298,0.360302838447,0.375686660162,0.389370677687,0.402361637155 
0.115473,0.120482,0.004638023075,0.177995406032,0.339744934008,0.477388786549,0.537793180407,0.605408924434,0.628109497417,0.646433273887,0.662800349278,0.678123347537 
0.114548,0.414938,0.004173538248,0.082278302274,0.153914976823,0.221702907296,0.285607419058,0.355906164671,0.374988552619,0.390498982584,0.404542005753,0.417971356736 
0.114548,0.409836,0.004176374157,0.082885579595,0.155054392351,0.223361258826,0.287789552004,0.357898116332,0.376987241473,0.392529468881,0.406627365047,0.420118470228 
0.114548,0.107875,0.004707349156,0.192797105533,0.369004333384,0.506168338193,0.565157041355,0.631885322946,0.653895512830,0.671650415132,0.687675571811,0.702699142823 
0.114548,0.374532,0.004198071790,0.087471924911,0.163699405973,0.235972857154,0.304933823759,0.372704253033,0.391810617384,0.407596118001,0.422092826014,0.436029454341 
0.114548,0.105708,0.004719384871,0.195377044253,0.374106587698,0.511125033634,0.569924602127,0.636490539311,0.658361994379,0.676025438278,0.691993103106,0.706962875570 
0.114548,0.141844,0.004557087950,0.161148927473,0.306492975203,0.440334253096,0.501760979671,0.569337794980,0.592101643041,0.610907502438,0.627634443675,0.643266488336 
0.114548,0.215517,0.004371326447,0.123027611019,0.231891034390,0.337245786941,0.411366954264,0.476947712517,0.498236005389,0.516437807045,0.533284380982,0.549216314512 
0.114548,0.138504,0.004569246480,0.163679146791,0.311476641329,0.446000970466,0.507177151458,0.574733374664,0.597527480609,0.616277230686,0.632953668593,0.648543813035 
0.114548,0.137174,0.004574207192,0.164713302242,0.313517667476,0.448300080255,0.509383004887,0.576926883473,0.599728467019,0.618457024036,0.635112958988,0.650685109039 
0.114548,0.157729,0.004505001871,0.150378110761,0.285305847676,0.415077036192,0.477959904963,0.545377725014,0.567896600368,0.586773212256,0.603680153099,0.619475769712 
0.114548,0.335570,0.004226786910,0.093463509428,0.175059976768,0.252658625598,0.325879893657,0.391432726677,0.410526762515,0.426649613362,0.441634664838,0.456111070696 
0.114548,0.322581,0.004237759026,0.095729858712,0.179378356646,0.259026736390,0.333167970683,0.398382912755,0.417646416500,0.433990459792,0.449186661664,0.463865758543 
0.114548,0.396825,0.004183968320,0.084495861466,0.158082632823,0.227770678360,0.293618521294,0.363140930455,0.382241570469,0.397868144675,0.412108866727,0.425760168657 
0.114548,0.485437,0.004139794070,0.074983041462,0.140299165926,0.202015114254,0.259855898355,0.331488377854,0.350402124248,0.365563515342,0.378933354407,0.391574757747 
0.114548,0.182149,0.004439818475,0.137002573788,0.259101939153,0.378499840496,0.446612643057,0.513169095461,0.535303868010,0.553958977209,0.570974337220,0.586911189101 
0.114548,0.144718,0.004546989596,0.159052786573,0.302359981568,0.435562932018,0.497215681696,0.564797697366,0.587524967162,0.606354863479,0.623119407118,0.638785989784 
0.114548,0.126263,0.004618153748,0.173898718204,0.331644941030,0.468108200721,0.528431723827,0.595889922418,0.618626247330,0.637062858083,0.653514281120,0.668916645594 
0.114548,0.107759,0.004707951876,0.192932473327,0.369272061819,0.506439415119,0.565423342171,0.632135373356,0.654137273832,0.671886464640,0.687908298996,0.702928881844 
0.114548,0.452489,0.004154349306,0.078154917724,0.146201560415,0.210522835990,0.270957962425,0.342223119122,0.361235196440,0.376543391673,0.390209695547,0.403205604280 
0.114548,0.120482,0.004643945751,0.179326990544,0.342366167230,0.479379336737,0.539309808210,0.606640029407,0.629236965615,0.647480395470,0.663808580858,0.679105104231 
0.162338,0.414938,0.004094829505,0.060368111193,0.111794286316,0.161548870585,0.209265460164,0.299545928512,0.327481631750,0.347352523260,0.363568298706,0.377700546853 
0.162338,0.409836,0.004096830397,0.060810115014,0.112622167031,0.162743944320,0.210823171488,0.301722368415,0.329465218456,0.349356535479,0.365608996459,0.379782391609 
0.162338,0.107875,0.004471361941,0.139717326868,0.264826007157,0.388455008915,0.490246503577,0.575100708303,0.601414517976,0.622743978850,0.641167524036,0.657800778335 
0.162338,0.374532,0.004112139422,0.064150769125,0.118887203158,0.171808315585,0.222671720415,0.317372180074,0.344272941531,0.364310183824,0.380825330853,0.395280729789 
0.162338,0.105708,0.004479850056,0.141569122705,0.268417917572,0.393839852229,0.495252462111,0.579845651919,0.606102962672,0.627388930444,0.645771828020,0.662335645203 
0.162338,0.141844,0.004365382895,0.117043460141,0.220779636317,0.322428900538,0.422501208738,0.511609662749,0.538416550647,0.559873575155,0.578472189431,0.595568169539 
0.162338,0.215517,0.004234348314,0.089768820252,0.167874155826,0.243613107904,0.317806965271,0.421126010224,0.447201040667,0.467810826087,0.485413515555,0.501642351036 
0.162338,0.138504,0.004373958786,0.118852344970,0.224295395348,0.327690816989,0.428523061267,0.517045303002,0.543846815785,0.565334377122,0.583953006333,0.601052748870 
0.162338,0.137174,0.004377495505,0.119591486292,0.225735005036,0.329848268097,0.430944608164,0.519257356994,0.546052778156,0.567554219706,0.586181827475,0.603281530674 
0.162338,0.157729,0.004328677634,0.109338421642,0.205809546410,0.300037495079,0.393293915806,0.487700210351,0.514430465744,0.535796732515,0.554257358149,0.571261605294 
0.162338,0.335570,0.004132399461,0.068497415185,0.127100513399,0.183735678829,0.238343785945,0.336599383074,0.363118316302,0.383316922834,0.400119913423,0.414902098865 
0.162338,0.322581,0.004140140816,0.070140665765,0.130217434652,0.188275725312,0.244328922193,0.343645219827,0.370100033282,0.390356949286,0.407249275076,0.422154722782 
0.162338,0.396825,0.004102188581,0.061984553538,0.114820217384,0.165921005557,0.214969090109,0.307354268995,0.334700883718,0.354644947579,0.370992245447,0.385269356832 
0.162338,0.485437,0.004071020583,0.055029275613,0.101883778618,0.147274714196,0.190758050814,0.271896379655,0.303221915245,0.322867667323,0.338633629102,0.352210231041 
0.162338,0.182149,0.004282694509,0.099771626078,0.187236478484,0.272343568070,0.356112843682,0.456272317741,0.482649345569,0.503803348388,0.522006370218,0.538767998289 
0.162338,0.144718,0.004358260067,0.115542362819,0.217864071907,0.318062712855,0.417350919671,0.507045010191,0.533851710797,0.555281923972,0.573853698925,0.590938981476 
0.162338,0.126263,0.004408454222,0.126171981098,0.238523137920,0.349009038252,0.451507039141,0.538380963040,0.565046269159,0.586600823437,0.605234767455,0.622269893400 
0.162338,0.107759,0.004471786910,0.139815878473,0.265018206307,0.388742448433,0.490508713775,0.575340242282,0.601652303161,0.622981270006,0.641403860805,0.658034357111 
0.162338,0.452489,0.004081290371,0.057354638076,0.106188604129,0.153464152365,0.198761639008,0.283657179015,0.313876331048,0.333609407358,0.349571882163,0.363403147277 
0.162338,0.120482,0.004426603912,0.130058619381,0.246071880185,0.360325999367,0.463038424935,0.549271268473,0.575847899459,0.597373585178,0.615969744044,0.632918913305 
0.172414,0.414938,0.004083798471,0.057275328500,0.105820159764,0.152864936049,0.198184796033,0.283724507295,0.317550936898,0.338595065587,0.355418183351,0.369890701776 
0.172414,0.409836,0.004085697153,0.057696249127,0.106605217295,0.154000155371,0.199658319919,0.285889258832,0.319546122253,0.340594818736,0.357449449454,0.371966261367 
0.172414,0.107875,0.004438300192,0.132229969087,0.250226410723,0.366617799262,0.473963953471,0.564019528062,0.591311288705,0.613267618918,0.632089432283,0.649132465074 
0.172414,0.374532,0.004100095959,0.060860983239,0.112531582910,0.162577875857,0.210830592456,0.302600282949,0.334359947730,0.355474341452,0.372562005304,0.387388887803 
0.172414,0.105708,0.004446291416,0.133973286122,0.253609077532,0.371682304873,0.479086858568,0.568788205261,0.596004306125,0.617916944949,0.636701985046,0.653688197327 
0.172414,0.141844,0.004338558732,0.110841811977,0.208679179680,0.304493047646,0.399354022153,0.500404254485,0.528206531147,0.550315705020,0.569194391916,0.586438765346 
0.172414,0.215517,0.004215156251,0.085096364841,0.158788655385,0.230338963125,0.300426289109,0.409778334345,0.437393542412,0.458928855361,0.476925828775,0.493241474853 
0.172414,0.138504,0.004346633362,0.112547455994,0.211997213638,0.309447707664,0.406026484530,0.505842322828,0.533649734284,0.555735964402,0.574614816397,0.591867506553 
0.172414,0.137174,0.004349927757,0.113248409818,0.213355039058,0.311473441644,0.408792617206,0.508041927192,0.535850668608,0.557930215965,0.576810875786,0.594067003042 
0.172414,0.157729,0.004303966597,0.103569772180,0.194557271777,0.283433862779,0.371242649871,0.476571746821,0.504214439175,0.526314074427,0.545108486926,0.562255349037 
0.172414,0.335570,0.004119188568,0.064975790804,0.120289260412,0.173849374501,0.225593534553,0.324060543318,0.353179018992,0.374409696579,0.391790121325,0.406948796454 
0.172414,0.322581,0.004126459540,0.066530267232,0.123233263971,0.178137743696,0.231231837292,0.331420723788,0.360154842249,0.381424460770,0.398905954769,0.414168508398 
0.172414,0.396825,0.004090727130,0.058808772031,0.108684305067,0.157004281608,0.203565136071,0.291645234805,0.324785163508,0.345850912045,0.362787434559,0.377417700410 
0.172414,0.485437,0.004061394851,0.052210923650,0.096424563894,0.139340356459,0.180686320547,0.258186619254,0.292982256610,0.314236469370,0.330681936294,0.344596900811 
0.172414,0.182149,0.004260673976,0.094540164407,0.177048107843,0.257387367848,0.336496024745,0.445181281593,0.472612433177,0.494440714824,0.512915094633,0.529764979614 
0.172414,0.144718,0.004331817987,0.109426477395,0.205929673911,0.300389065859,0.393865668978,0.495861504586,0.523652633358,0.545771202868,0.564642112465,0.581874329707 
0.172414,0.126263,0.004379074646,0.119449447346,0.225410665994,0.329486573172,0.433195126116,0.527139600132,0.554890371544,0.576974984860,0.595927042417,0.613204311803 
0.172414,0.107759,0.004438742541,0.132321174337,0.250404501090,0.366883248329,0.474234068573,0.564270595726,0.591558847738,0.613508651715,0.632324709275,0.649363971834 
0.172414,0.452489,0.004071064805,0.054419181365,0.100509684159,0.145207561278,0.188261006881,0.269205552579,0.303839052670,0.324922039915,0.341534396372,0.355697904206 
0.172414,0.120482,0.004396201102,0.123115920343,0.232534439393,0.340141305852,0.445651063677,0.538053237842,0.565717410244,0.587790968465,0.606729962385,0.623974318444 
0.149701,0.414938,0.004110747969,0.064820803661,0.120402580273,0.173968635219,0.225156396124,0.315571185848,0.339893294498,0.358514166337,0.374037461977,0.387737473246 
0.149701,0.409836,0.004112934800,0.065298112767,0.121296927566,0.175259353538,0.226842624127,0.317570072795,0.341885691721,0.360531580741,0.376089188861,0.389833140701 
0.149701,0.107875,0.004519074957,0.150527783384,0.285961333728,0.419859340502,0.510158564750,0.589256230268,0.614533357575,0.635180854843,0.653013737128,0.669118277303 
0.149701,0.374532,0.004129518872,0.068888462987,0.128035051704,0.185019103453,0.239642836267,0.332411841326,0.356728489184,0.375560840386,0.391350277959,0.405426110005 
0.149701,0.105708,0.004528280268,0.152529319329,0.289858909390,0.425694057003,0.515078866690,0.593960612844,0.619186018998,0.639788379907,0.657546840824,0.673584314160 
0.149701,0.141844,0.004404183350,0.125997476279,0.238178158744,0.348229385456,0.444631919293,0.526037500117,0.551540132919,0.572405729206,0.590658136751,0.607465756818 
0.149701,0.215517,0.004262073004,0.096509416947,0.180906890573,0.262691095224,0.342631709115,0.435211120296,0.459849303005,0.479669836220,0.497039341742,0.513245263492 
0.149701,0.138504,0.004413484263,0.127954010564,0.241988339925,0.353945777854,0.450258143831,0.531473819996,0.556981455987,0.577867832248,0.596127856422,0.612904104850 
0.149701,0.137174,0.004417279003,0.128758335120,0.243553587596,0.356290792355,0.452540034754,0.533682956149,0.559191405327,0.580072045280,0.598326243964,0.615085873813 
0.149701,0.157729,0.004364338178,0.117660232800,0.221961993569,0.323929312168,0.419657444787,0.502043473547,0.527517267774,0.548183457323,0.566336748674,0.583181364702 
0.149701,0.335570,0.004151509182,0.073569144941,0.136879605142,0.197880989320,0.256582946333,0.351228917573,0.375588003422,0.394631285133,0.410659658500,0.425157946544 
0.149701,0.322581,0.004159883720,0.075340130818,0.140243255819,0.202790082171,0.263067622920,0.358203528672,0.382573778593,0.401679158557,0.417787639316,0.432438483208 
0.149701,0.396825,0.004118728158,0.066558754181,0.123657466641,0.178675671513,0.231317772155,0.322827056413,0.347137104654,0.365850352096,0.381494982785,0.395355194896 
0.149701,0.485437,0.004084944348,0.059086191689,0.109731316158,0.158611952124,0.205163885760,0.290844190941,0.315552590037,0.333838807132,0.348887602163,0.362049973905 
0.149701,0.182149,0.004314472079,0.107315883397,0.201858721694,0.293875233053,0.385082897537,0.470448838288,0.495667191937,0.515989134313,0.533851024051,0.550496268663 
0.149701,0.144718,0.004396458361,0.124371791088,0.235016714654,0.343493937471,0.439902800053,0.521464971534,0.546963332182,0.567816632606,0.586066064868,0.602896022404 
0.149701,0.126263,0.004450896223,0.135872410123,0.257403723774,0.377062492330,0.472228369311,0.552762334622,0.578254157162,0.599076783462,0.617265189202,0.633843960136 
0.149701,0.107759,0.004519584453,0.150631970483,0.286162891611,0.420165825591,0.510411498070,0.589499748072,0.614775165043,0.635417060222,0.653243944937,0.669344906411 
0.149701,0.452489,0.004096081809,0.061585985450,0.114368930348,0.165272373640,0.213812546214,0.301800952667,0.326233253740,0.344670459421,0.359936444297,0.373336680887 
0.149701,0.120482,0.004470580550,0.140076811889,0.265593009643,0.389339891559,0.483452061967,0.563615520346,0.589071355375,0.609854275934,0.627976373847,0.644427137802 
0.114286,0.414938,0.004174151296,0.082446403339,0.154236751349,0.222160090247,0.286183484354,0.356204255624,0.375245928980,0.390737025928,0.404775731220,0.418206435506 
0.114286,0.409836,0.004176993707,0.083057137556,0.155381805140,0.223821853820,0.288371308675,0.358199121391,0.377248032333,0.392771607629,0.406865390747,0.420357860311 
0.114286,0.107875,0.004709186908,0.193204524578,0.369810473711,0.506715715986,0.565579933156,0.632227971663,0.654199920614,0.671923424469,0.687936998542,0.702953785774 
0.114286,0.374532,0.004198741098,0.087652611419,0.164042059754,0.236461399871,0.305630995244,0.372999985727,0.392065543555,0.407835784670,0.422329954602,0.436269131000 
0.114286,0.105708,0.004721250254,0.195793449128,0.374927849207,0.511671311005,0.570347066054,0.636831648352,0.658666782052,0.676312902775,0.692271113582,0.707233100080 
0.114286,0.141844,0.004558580819,0.161490440324,0.307160923214,0.440926703563,0.502190353347,0.569677883282,0.592422541330,0.611200330945,0.627914060562,0.643539458962 
0.114286,0.215517,0.004372393125,0.123283944050,0.232385924490,0.337971487398,0.411811053023,0.477276098115,0.498551695430,0.516749548511,0.533593016797,0.549519094679 
0.114286,0.138504,0.004570767251,0.164025383749,0.312156904379,0.446589588804,0.507610347991,0.575071731786,0.597847165517,0.616576824288,0.633242122474,0.648825447138 
0.114286,0.137174,0.004575739346,0.165062123798,0.314205170150,0.448888362887,0.509816375785,0.577273097114,0.600054493718,0.618760441753,0.635404366963,0.650969244649 
0.114286,0.157729,0.004506375222,0.150697881433,0.285923978416,0.415712205303,0.478390735162,0.545722084824,0.568221644633,0.587088692185,0.603985108324,0.619773530721 
0.114286,0.335570,0.004227522072,0.093654206451,0.175425709546,0.253182403460,0.326384723875,0.391733097550,0.410795302153,0.426909322024,0.441894118581,0.456374266805 
0.114286,0.322581,0.004238519351,0.095928337592,0.179752685579,0.259566695831,0.333656824562,0.398684397245,0.417926001276,0.434265912277,0.449463422393,0.464146562093 
0.114286,0.396825,0.004184605285,0.084670498827,0.158415548204,0.228243985157,0.294227882593,0.363440301201,0.382499387286,0.398108136726,0.412345196820,0.425998233194 
0.114286,0.485437,0.004140329736,0.075137607298,0.140594566781,0.202431473269,0.260372703568,0.331788784497,0.350667416199,0.365806102814,0.379170151383,0.391812974135 
0.114286,0.182149,0.004441042274,0.137290625552,0.259660000478,0.379459877271,0.447044449855,0.513513644851,0.535628905463,0.554273949016,0.571279045810,0.587208598270 
0.114286,0.144718,0.004548459293,0.159388679533,0.303019355087,0.436162656261,0.497648069374,0.565137855807,0.587848724398,0.606666276947,0.623420581806,0.639079952410 
0.114286,0.126263,0.004619786759,0.174269204201,0.332370649173,0.468676436576,0.528862910995,0.596240713058,0.618947986763,0.637355700996,0.653794771301,0.669190012533 
0.114286,0.107759,0.004709791010,0.193341178334,0.370078706004,0.506983550505,0.565841603599,0.632478148252,0.654442479130,0.672164408642,0.688175204758,0.703188656378 
0.114286,0.452489,0.004154918349,0.078317042425,0.146510510065,0.210960050257,0.271503115712,0.342525707281,0.361499826434,0.376786374779,0.390447484533,0.403444600088 
0.114286,0.120482,0.004645637961,0.179702385463,0.343112932147,0.479940801047,0.539738128086,0.606989500315,0.629557320147,0.647779231204,0.664096563549,0.679385401836 
