"","quiz_id","V1","V2","V3","V4","V5","V6","V7","V8","V9","V10","V11","V12","V13","V14","V15","V16","V17","V18","V19","V20","V21","V22","V23","V24","V25","V26","V27","V28","V29","V30","V31","V32","V33","V34","V35","V36","V37","V38","V39","V40","V41","V42","V43","V44","V45","V46","V47","V48","V49","V50","V51","V52","V53","V54","V55","V56","V57","V58","V59","V60","V61","V62","V63","V64","V65","V66","V67","V68","V69","V70","V71","V72","V73","V74","V75"
"1",2,4,5,5,4,5,3,4,4,3,3,4,4,4,5,4,3,3,4,3,2,2,3,4,2,5,3,4,4,2,5,3,3,4,3,4,3,3,4,5,5,3,4,5,5,5,3,4,3,3,4,2,4,2,3,4,4,4,2,2,5,3,5,4,2,2,4,4,4,3,2,3,4,2,4,5
"2",1,3,3,3,3,3,3,3,3,3,3,3,3,3,3,3,3,3,3,3,3,3,3,3,3,3,3,3,3,3,3,3,3,3,3,3,3,3,3,3,3,3,3,3,3,3,3,3,3,3,3,3,3,3,3,3,3,3,3,3,3,3,3,3,3,3,3,3,3,3,3,3,3,3,3,3
"3",3,5,5,5,1,4,1,4,1,1,1,4,4,5,1,1,5,1,5,1,1,5,5,5,1,1,4,4,4,1,4,5,1,5,1,1,1,1,5,1,1,5,1,5,1,1,4,4,4,2,4,1,2,5,1,1,2,5,5,1,5,4,5,5,1,5,4,5,1,1,5,1,4,5,1,5
"4",6,2,1,4,2,4,2,1,4,2,5,4,4,5,5,1,5,1,4,5,2,2,1,4,4,5,5,2,2,5,5,1,1,4,4,4,1,1,2,5,1,1,1,5,4,1,2,1,4,2,2,2,1,4,4,2,1,1,2,4,5,4,2,4,5,2,5,2,2,5,5,4,4,4,4,4
"5",7,4,4,2,2,4,1,5,1,3,4,4,4,4,2,5,5,1,5,1,5,4,4,4,3,4,5,5,2,4,5,2,1,4,1,4,1,5,5,5,1,2,3,5,3,2,4,2,4,3,4,4,3,4,4,4,3,4,4,3,4,3,4,4,5,3,3,4,3,4,4,2,3,4,3,5
"6",10,5,5,4,3,5,4,2,5,5,1,5,3,5,5,4,3,4,2,4,5,4,4,5,5,5,3,4,5,4,5,5,4,5,5,5,4,4,5,5,5,5,1,5,2,5,3,2,4,3,1,1,3,5,3,4,5,5,5,3,5,4,5,5,5,4,5,4,5,5,1,3,3,5,5,5
"7",11,5,4,5,4,2,5,1,3,5,4,4,5,5,5,3,5,5,4,5,5,5,4,5,4,4,4,5,5,5,5,2,1,4,5,4,1,2,5,5,5,1,1,4,5,2,5,4,5,4,1,4,2,4,5,3,4,5,5,5,5,4,3,3,5,3,2,3,4,4,1,3,5,5,5,5
"8",12,3,4,2,4,5,1,5,4,4,3,3,4,5,5,3,5,5,2,4,1,3,4,4,3,4,4,5,4,3,5,3,2,4,2,5,3,5,4,5,4,3,4,4,4,5,4,5,2,4,3,1,5,2,2,3,3,4,1,2,4,3,4,2,3,3,4,5,3,3,2,1,5,2,4,5
"9",14,2,4,5,2,4,2,2,2,3,2,3,3,3,3,3,3,3,3,3,3,3,3,3,3,3,3,3,3,3,3,3,3,3,3,3,3,3,3,3,3,3,3,3,3,3,3,3,3,3,3,3,3,3,3,3,3,3,3,3,3,3,3,3,3,3,3,3,3,3,3,3,3,3,3,3
"10",16,3,3,3,3,3,3,3,3,3,3,3,3,3,3,3,3,3,3,3,3,3,3,3,3,3,3,3,3,3,3,3,3,3,3,3,3,3,3,3,3,3,3,3,3,3,3,3,3,3,3,3,3,3,3,3,3,3,3,3,3,3,3,3,3,3,3,3,3,3,3,3,3,3,3,3
"11",20,3,3,3,3,3,3,3,3,3,3,3,3,3,3,3,3,3,3,3,3,3,3,3,3,3,3,3,3,3,3,3,3,3,3,3,3,3,3,3,3,3,3,3,3,3,3,3,3,3,3,3,3,3,3,3,3,3,3,3,3,3,3,3,3,3,3,3,3,3,3,3,3,3,3,3
"12",21,3,3,3,3,3,3,3,3,3,3,3,3,3,3,3,3,3,3,3,3,3,3,3,3,3,3,3,3,3,3,3,3,3,3,3,3,3,3,3,3,3,3,3,3,3,3,3,3,3,3,3,3,3,3,3,3,3,3,3,3,3,3,3,3,3,3,3,3,3,3,3,3,3,3,3
"13",22,3,3,3,3,3,3,3,3,3,3,3,3,3,3,3,3,3,3,3,3,3,3,3,3,3,3,3,3,3,3,3,3,3,3,3,3,3,3,3,3,3,3,3,3,3,3,3,3,3,3,3,3,3,3,3,3,3,3,3,3,3,3,3,3,3,3,3,3,3,3,3,3,3,3,5
"14",23,3,3,3,3,3,3,3,3,3,3,3,3,3,3,3,3,3,3,3,3,3,3,3,3,3,3,3,3,3,3,3,3,3,3,3,3,3,3,3,3,3,3,3,3,3,3,3,3,3,3,3,3,3,3,3,3,3,3,3,3,3,3,3,3,3,3,3,3,3,3,3,3,3,3,3
"15",24,1,2,2,1,4,2,2,3,2,1,2,3,4,3,2,1,2,3,5,3,2,2,2,2,1,2,3,4,3,3,2,1,2,3,4,5,4,3,1,1,2,3,4,3,2,1,2,3,4,3,2,1,2,3,4,5,4,3,1,1,2,4,5,4,2,2,2,3,4,2,2,4,3,2,3
"16",76,5,4,5,4,4,2,4,4,5,4,4,2,4,4,2,4,5,4,5,4,5,4,4,2,5,5,4,4,4,5,3,2,5,4,5,4,5,4,5,5,5,2,4,4,4,3,3,4,4,4,3,4,3,3,5,5,3,5,3,3,4,5,4,5,5,5,5,4,5,4,5,4,5,5,5
"17",50,5,5,5,4,5,2,5,5,5,1,5,2,5,4,4,5,5,4,4,5,5,5,2,4,5,5,5,4,4,5,5,1,4,5,5,5,5,2,5,5,4,2,2,4,5,2,2,1,2,5,1,2,1,5,5,1,4,1,4,4,1,5,2,4,5,3,5,2,1,1,5,5,2,3,5
"18",36,4,4,4,4,5,3,2,3,5,5,4,2,4,5,2,5,2,2,4,5,5,4,2,2,5,5,2,2,4,5,5,1,3,4,5,5,4,4,5,4,5,1,2,4,4,5,1,2,4,1,4,2,4,4,2,5,2,1,3,5,4,5,2,5,5,5,2,4,5,4,4,3,2,4,4
"19",49,4,5,5,5,5,4,5,4,5,4,5,5,5,4,5,5,5,4,5,5,4,5,4,1,5,4,2,5,4,5,4,1,4,1,5,5,5,4,5,5,5,1,5,4,5,4,4,4,5,5,1,5,5,2,5,4,5,1,1,5,4,5,4,5,5,4,5,5,4,1,5,4,5,2,5
"20",30,4,5,4,2,4,1,4,5,1,4,3,5,5,1,3,2,5,4,1,2,4,4,3,2,4,5,5,4,2,2,3,2,5,1,5,4,3,3,2,4,3,3,4,2,5,3,5,1,2,4,1,5,4,2,4,3,5,2,1,5,2,5,2,2,3,5,5,2,2,2,3,5,2,2,4
"21",85,5,4,4,5,3,5,4,2,5,5,5,5,5,5,5,5,1,5,5,5,5,5,5,5,5,5,5,5,5,5,5,5,5,5,5,5,5,5,5,5,5,5,5,5,5,5,5,5,4,5,5,5,4,2,5,1,5,5,4,5,3,5,2,5,5,4,5,5,5,5,4,4,5,2,5
"22",47,5,5,5,4,5,1,4,5,5,5,4,4,5,4,5,5,1,5,5,5,5,5,5,5,5,5,5,2,1,2,4,2,5,4,5,5,5,5,2,4,4,1,2,4,2,2,2,1,2,5,1,5,1,4,4,5,2,4,4,5,5,4,5,5,5,5,1,5,5,1,4,2,1,2,5
"23",34,2,4,4,2,4,4,4,4,4,5,4,5,4,2,2,4,2,5,2,5,5,5,4,1,5,2,4,4,1,5,5,4,5,4,4,5,5,4,4,4,5,2,4,3,4,4,4,5,4,4,3,4,2,2,4,2,4,5,4,4,4,4,4,4,5,4,5,4,2,4,2,4,2,4,5
"24",59,4,3,5,3,4,4,3,4,4,4,4,2,4,3,2,4,1,4,4,1,4,4,4,3,2,3,3,4,3,4,3,2,4,4,2,2,4,4,4,3,4,2,4,3,1,2,3,3,4,3,3,4,2,4,4,3,4,4,2,3,3,5,2,5,3,4,3,3,4,2,2,4,3,5,4
"25",56,2,4,4,2,4,4,5,4,4,5,2,4,4,4,4,4,4,2,4,2,4,5,5,2,5,4,4,5,2,5,4,1,5,5,5,4,4,2,5,4,5,2,5,4,5,3,2,4,1,4,2,2,4,5,5,2,4,5,2,2,3,5,4,5,5,5,2,2,5,2,4,4,4,5,5
"26",77,4,4,2,2,5,2,4,3,2,2,2,4,2,2,2,2,4,4,4,4,3,4,2,2,2,2,4,4,4,4,4,2,4,2,5,5,5,5,2,2,2,2,5,2,5,2,4,5,2,5,4,4,5,4,5,5,4,2,2,4,2,5,5,2,4,3,4,2,2,1,4,4,5,3,4
"27",25,4,5,3,4,4,4,5,4,4,5,3,2,3,4,5,4,3,3,4,4,4,4,2,4,5,4,4,3,4,4,4,2,5,5,3,5,5,3,5,5,5,2,4,5,5,3,4,4,5,3,3,3,1,4,4,5,4,5,4,4,5,5,4,5,3,4,4,3,5,1,2,4,3,4,4
"28",54,5,4,4,5,5,4,4,4,4,4,4,4,4,2,4,4,4,4,2,4,4,4,4,2,4,5,2,4,2,4,4,4,4,2,4,4,4,4,2,2,2,2,4,4,4,4,4,4,1,4,2,4,4,4,4,2,4,4,3,4,3,4,4,5,4,5,4,4,4,1,5,4,4,4,4
"29",48,4,4,2,5,5,5,2,4,2,5,5,1,4,4,5,5,1,4,4,4,5,1,4,5,4,5,4,4,2,2,4,1,4,2,5,5,5,5,5,4,5,4,4,3,2,4,1,1,1,2,5,2,1,1,5,5,5,5,1,5,3,4,2,4,4,5,1,2,4,5,4,2,4,5,5
"30",37,4,2,4,2,5,3,1,5,2,5,4,5,5,1,4,5,4,4,1,4,4,4,4,1,5,4,5,4,1,4,5,1,5,3,4,5,5,4,1,1,5,1,4,1,5,3,2,1,2,5,4,4,4,5,5,1,4,3,1,1,3,5,4,1,4,5,3,1,1,5,4,2,4,1,5
"31",51,5,5,5,1,5,5,5,5,5,5,5,1,5,4,5,5,2,4,4,2,4,5,5,4,4,4,5,4,4,4,4,5,5,4,2,5,5,4,4,5,4,5,4,4,5,5,4,1,2,5,1,5,5,5,2,5,5,1,3,1,3,5,5,5,5,3,5,5,3,2,3,4,4,4,5
"32",41,2,1,1,4,2,1,2,2,4,4,4,4,3,4,2,3,4,2,1,1,2,1,4,4,1,2,1,4,2,2,2,1,2,5,4,2,4,3,5,4,4,2,4,3,1,2,1,2,4,4,4,1,5,3,2,3,1,5,3,4,5,4,4,5,4,4,3,3,2,5,2,4,3,3,4
"33",39,5,4,5,2,5,4,4,5,4,4,4,4,4,4,5,5,2,4,4,4,4,4,4,4,5,4,4,4,2,5,5,2,5,2,4,5,4,4,4,5,4,2,4,4,4,4,3,4,4,4,4,4,2,4,4,4,4,1,2,5,3,5,4,5,3,4,3,4,4,4,2,4,4,4,5
"34",65,5,4,4,3,5,1,3,3,1,3,4,3,4,1,3,3,2,5,3,4,5,4,4,1,3,5,3,3,1,3,3,1,3,1,5,3,5,4,1,3,4,3,4,2,3,5,4,1,1,5,4,4,4,4,4,3,4,1,3,3,3,4,3,1,3,5,4,4,1,1,5,3,4,2,5
"35",55,4,5,4,4,5,2,5,5,2,5,4,4,4,2,4,5,1,5,4,5,5,4,4,2,4,5,2,4,4,4,5,2,5,1,1,5,5,4,2,5,2,2,4,2,4,4,5,2,1,4,2,4,5,2,4,4,4,1,2,4,4,4,4,2,4,4,2,4,2,4,1,4,4,4,5
"36",64,5,5,5,5,5,4,5,4,5,5,4,5,4,1,5,5,1,5,1,2,5,5,5,2,5,5,1,4,2,5,4,2,5,2,5,2,5,4,5,5,5,1,4,2,1,5,5,1,1,4,5,4,5,1,5,5,4,5,1,1,4,5,5,1,4,5,5,1,2,4,2,4,1,1,4
"37",53,1,2,5,3,5,3,3,5,3,5,5,1,5,3,3,5,3,3,3,2,3,1,3,3,5,3,3,5,4,5,3,5,5,1,5,5,5,5,3,5,5,5,3,1,3,5,3,3,3,5,5,5,5,5,1,5,3,5,1,5,3,5,5,5,5,5,5,5,5,5,5,4,4,1,5
"38",90,2,2,1,3,5,5,5,5,3,1,1,1,5,3,1,4,3,5,3,2,5,5,4,1,1,5,3,5,2,1,4,2,5,5,5,1,5,5,3,5,5,3,4,3,3,4,5,5,3,4,3,3,4,5,3,4,3,2,3,3,3,3,3,3,3,3,3,3,1,1,2,1,3,1,3
"39",44,5,5,4,4,5,4,2,4,4,1,4,2,4,2,5,2,2,4,4,5,5,4,4,2,5,4,1,4,2,5,4,2,4,4,5,2,4,4,4,5,5,2,4,2,5,4,4,2,1,5,5,4,4,5,4,4,5,1,2,4,1,5,5,1,5,5,1,1,1,5,4,4,4,1,5
"40",69,5,4,5,2,5,5,3,4,4,3,5,5,4,2,5,5,3,5,3,5,3,4,4,2,5,4,5,3,3,5,5,2,5,2,5,5,4,4,5,5,4,2,3,2,5,3,4,4,3,5,1,4,5,1,4,1,5,5,1,5,3,5,4,2,3,4,3,5,3,1,4,4,5,2,5
"41",57,4,2,5,4,4,2,5,5,2,5,4,4,5,1,4,5,2,5,4,2,4,2,5,1,4,5,2,4,2,5,4,1,5,4,5,1,4,4,2,5,2,2,5,1,5,4,2,5,2,5,4,5,4,4,4,5,2,1,4,2,2,5,1,1,4,4,1,5,1,1,1,5,5,1,5
"42",32,2,4,2,4,2,2,4,2,2,2,4,2,4,1,1,5,4,2,2,4,4,4,3,2,5,5,5,3,2,5,5,2,5,4,2,5,5,4,2,4,4,2,2,3,2,1,4,4,3,4,2,4,4,1,3,5,5,5,3,4,3,4,4,4,4,5,5,4,4,2,4,3,3,1,5
"43",99,5,5,5,3,3,5,4,4,5,5,4,5,3,3,1,2,5,3,3,5,5,2,4,5,4,3,4,5,1,3,1,1,5,3,5,1,4,5,5,5,5,5,5,3,3,1,2,5,5,3,3,4,5,1,5,2,5,3,1,1,5,4,5,1,3,5,5,4,1,5,4,3,5,5,5
"44",74,5,5,5,2,5,4,5,4,4,4,5,4,5,4,4,2,4,5,4,5,4,4,5,4,5,4,5,5,4,5,4,1,4,1,5,5,5,5,5,5,4,5,5,1,5,5,5,4,1,2,1,4,4,5,5,2,4,5,4,5,2,5,5,2,4,5,5,4,1,1,1,4,1,2,5
"45",95,1,4,4,5,4,3,2,4,5,5,4,3,3,5,5,5,4,5,5,5,4,3,5,5,5,5,4,4,5,5,4,5,4,5,5,5,5,5,5,4,5,4,5,5,2,1,4,3,5,2,5,2,1,5,4,2,2,5,5,5,1,3,2,5,5,3,2,3,5,5,5,3,4,5,5
"46",35,2,2,2,1,4,2,5,5,1,5,3,4,4,2,2,2,5,2,2,1,2,4,2,3,5,3,5,5,4,3,2,5,5,3,5,3,5,3,1,2,3,4,3,1,2,3,3,1,4,4,2,2,4,4,5,5,5,3,1,2,2,5,3,1,3,4,5,3,1,1,3,4,1,2,5
"47",29,5,4,3,5,2,2,5,3,4,2,2,4,3,4,3,4,4,3,4,4,3,5,4,4,5,2,4,4,4,5,4,5,4,4,4,5,5,3,5,5,4,5,4,2,3,4,5,4,3,4,4,4,4,4,5,4,4,5,2,5,2,5,2,3,2,3,5,4,3,1,2,3,4,4,4
"48",58,4,5,4,4,4,2,5,4,5,5,3,3,5,5,4,5,4,4,4,5,3,4,4,4,5,3,5,4,2,4,4,2,4,1,2,5,5,5,4,3,3,2,5,3,4,5,4,5,3,4,3,5,4,3,4,5,4,1,3,5,2,4,4,4,5,4,5,4,3,2,2,4,4,4,5
"49",87,5,4,4,5,4,4,4,4,5,5,4,4,4,4,4,4,4,5,5,4,4,4,5,4,5,4,4,5,4,5,2,5,5,5,4,4,5,5,5,5,1,1,5,5,5,2,4,1,5,4,1,4,4,5,5,4,4,5,4,5,2,5,1,5,2,4,5,4,5,4,4,4,5,5,5
"50",40,1,5,4,2,5,4,5,2,2,5,5,5,5,5,5,5,5,4,2,5,4,5,5,4,5,4,5,5,2,5,5,1,5,5,5,5,5,5,5,5,5,4,5,5,2,5,5,5,5,4,2,5,5,2,5,5,5,1,5,5,2,5,5,2,5,3,5,3,2,5,5,5,5,5,5
"51",60,4,2,5,4,4,4,4,5,5,4,4,2,5,5,4,3,4,4,4,5,3,1,5,5,5,1,5,5,3,5,2,1,4,4,4,1,1,4,5,3,4,1,5,5,5,2,2,4,4,4,1,3,5,2,4,4,4,5,3,5,3,4,5,5,4,4,3,4,2,4,3,4,5,3,4
"52",38,5,5,2,4,4,2,5,2,2,4,4,5,2,4,2,4,4,4,2,4,4,5,4,1,2,3,2,2,4,2,2,1,4,2,2,1,4,2,4,1,2,2,2,3,1,4,4,2,2,2,2,2,5,4,2,1,2,4,2,2,2,5,4,2,2,4,5,2,2,2,2,4,4,1,4
"53",42,4,4,3,2,4,3,4,3,3,4,3,5,4,2,2,4,4,3,4,5,3,2,3,2,4,1,4,1,1,5,4,1,5,3,4,3,4,2,3,5,2,1,4,2,4,2,3,3,2,4,4,3,4,3,4,4,5,5,2,5,3,4,3,4,4,4,3,3,3,4,4,3,2,2,4
"54",67,5,4,5,1,5,1,4,5,1,5,5,4,4,1,5,3,2,5,1,1,4,4,4,1,5,4,5,5,1,4,5,4,4,1,4,5,4,4,3,4,5,4,5,1,3,5,4,1,3,3,2,3,5,2,3,5,4,2,1,3,4,5,4,1,4,4,4,5,1,1,2,3,4,1,4
"55",105,2,2,1,2,5,5,2,3,4,5,5,2,4,5,5,5,1,5,4,4,5,2,5,1,5,5,1,4,2,2,4,2,5,2,4,2,5,3,5,4,5,2,4,4,5,5,4,4,1,5,2,2,2,1,5,4,4,5,2,5,3,5,5,4,5,5,2,2,5,5,4,4,5,5,5
"56",78,4,4,5,1,4,2,5,5,3,5,4,2,4,2,4,5,5,4,1,3,4,5,4,1,5,4,4,4,1,5,5,1,5,1,5,5,5,5,1,3,5,1,4,2,5,3,5,2,4,5,1,5,3,2,4,2,5,1,3,4,5,5,4,5,4,5,5,5,5,4,5,4,4,3,5
"57",26,5,5,4,4,5,4,5,2,5,5,5,2,4,4,2,5,1,4,2,3,5,5,2,4,5,5,2,4,2,4,5,3,2,2,4,5,2,4,2,4,5,4,5,2,2,4,5,2,2,4,3,4,2,2,4,5,5,2,4,5,5,4,2,5,5,5,5,4,4,3,4,4,2,4,5
"58",102,4,3,2,2,5,2,4,5,5,3,4,2,1,1,4,3,1,4,2,5,3,2,4,2,1,3,1,1,1,5,4,2,2,3,2,2,1,2,4,5,2,2,1,2,5,4,2,2,4,5,4,2,2,5,3,4,2,5,4,5,2,5,5,5,2,3,2,5,2,1,1,5,4,4,5
"59",79,5,5,4,1,4,4,4,4,1,4,1,4,4,1,4,5,5,5,2,5,5,5,5,2,5,5,1,4,1,5,4,5,5,2,5,1,4,4,2,5,5,4,5,2,5,5,4,4,4,2,4,5,4,2,4,2,5,2,2,5,3,5,4,2,4,4,5,4,2,2,4,4,2,1,5
"60",108,4,5,5,3,4,5,5,5,2,2,4,5,4,2,2,4,4,4,2,1,5,4,5,2,4,4,5,5,1,5,3,2,4,2,5,1,2,5,3,4,1,1,5,2,5,3,2,1,3,4,2,2,4,1,3,1,1,2,2,1,1,5,5,4,2,4,5,5,3,2,2,3,4,2,5
"61",91,5,4,4,2,5,4,5,5,4,5,4,5,5,5,4,5,5,5,2,3,5,5,5,2,5,4,3,5,1,5,4,1,5,4,5,4,5,4,4,5,4,5,5,3,5,5,5,3,2,2,4,4,5,2,5,5,5,5,1,4,1,5,5,5,2,5,5,4,2,3,3,5,2,4,5
"62",66,4,2,5,4,4,4,5,5,4,5,4,2,4,4,4,4,2,4,4,3,5,4,4,4,4,4,1,1,2,5,5,1,5,5,4,5,1,2,4,5,5,1,4,5,1,1,2,2,1,5,1,4,5,3,5,4,5,1,1,4,1,5,5,5,5,4,1,5,4,5,4,4,1,4,5
"63",83,5,2,5,4,5,2,2,5,2,2,1,1,4,2,4,4,2,4,2,1,5,4,4,2,4,4,1,4,1,5,4,1,4,3,5,1,5,5,2,1,5,2,4,4,5,4,5,4,2,2,1,2,4,4,4,4,5,5,2,5,2,5,5,4,5,4,4,4,1,1,4,4,4,1,5
"64",88,4,5,5,2,4,1,5,5,5,2,4,2,5,5,5,5,5,2,5,2,4,4,4,2,4,5,4,2,1,5,4,1,5,2,2,1,2,4,5,4,5,3,5,4,2,4,2,4,4,1,2,5,2,4,4,2,2,5,3,4,2,5,4,4,4,4,4,4,4,1,1,3,2,5,3
"65",98,1,1,1,3,2,2,3,2,4,2,2,5,3,5,3,3,3,4,2,4,3,2,2,3,4,2,3,3,4,5,2,2,3,5,5,2,2,3,5,5,2,1,5,4,4,1,3,5,5,3,1,3,4,5,4,2,4,5,5,4,2,3,4,3,2,1,2,3,3,3,3,4,2,5,4
"66",113,4,5,5,5,5,4,4,5,5,4,4,3,5,5,5,3,5,1,1,4,1,5,4,3,5,3,5,5,4,3,2,2,4,4,4,1,3,5,4,5,5,5,4,5,2,4,1,4,5,5,1,3,4,3,4,1,5,1,3,5,1,5,5,5,2,4,4,5,5,4,3,5,1,4,3
"67",27,5,5,5,3,5,5,5,4,1,4,5,5,3,2,4,3,4,4,1,4,4,5,5,1,5,3,2,5,1,5,5,3,5,1,5,5,3,4,1,5,5,1,5,1,2,4,5,5,1,5,1,5,5,3,5,4,4,4,1,5,4,5,5,2,3,5,4,4,1,5,2,4,5,1,5
"68",33,4,2,2,2,5,5,3,2,2,5,1,3,5,4,1,4,2,4,3,5,4,5,4,2,5,3,1,4,4,5,5,5,4,2,5,1,3,5,4,3,2,1,4,3,4,4,5,1,2,5,4,2,5,2,4,3,5,5,2,5,3,5,5,4,5,5,5,5,3,4,3,4,2,1,5
"69",45,2,5,5,4,5,4,5,3,5,4,4,5,4,4,5,5,3,4,4,2,5,4,5,3,5,5,2,5,4,4,5,4,5,2,2,4,5,5,4,2,3,1,5,4,1,1,4,4,3,4,4,2,2,3,5,4,4,4,2,4,3,4,4,4,4,4,4,3,4,4,2,3,5,4,4
"70",62,4,3,4,4,5,5,5,4,4,5,5,5,4,4,4,5,2,4,5,5,5,5,3,1,5,5,5,3,4,2,5,1,3,3,3,5,2,2,5,1,5,5,5,4,5,5,5,3,5,3,3,5,4,5,5,2,5,4,2,4,3,5,4,5,3,3,5,2,5,3,3,3,1,5,5
"71",93,4,5,5,3,4,4,5,4,2,4,5,4,5,4,5,2,4,2,4,2,2,2,2,5,5,4,5,4,4,5,4,4,4,1,5,2,4,4,4,5,2,1,4,4,1,2,2,2,2,4,2,4,1,4,2,4,5,1,2,5,5,5,2,5,2,5,5,4,4,4,4,4,4,4,4
"72",46,4,5,5,2,5,4,5,4,2,4,4,5,5,2,4,5,2,5,2,4,5,5,4,2,5,5,5,4,2,4,4,2,5,2,5,5,5,4,2,4,5,4,5,2,4,4,5,2,2,5,2,4,2,2,4,4,5,2,1,5,4,4,4,2,4,5,5,5,2,4,4,5,5,2,4
"73",72,1,5,5,5,5,4,5,4,5,5,4,5,5,4,4,5,2,5,1,2,5,5,5,4,4,4,2,5,1,4,4,1,5,4,5,1,2,5,5,1,4,1,5,4,4,5,5,5,2,5,4,5,1,5,4,5,4,5,2,2,4,5,1,5,5,5,5,4,4,5,4,2,2,2,5
"74",107,5,5,4,4,5,4,5,5,4,4,4,5,5,4,4,5,5,4,4,4,4,5,5,2,4,3,4,4,3,4,4,3,5,3,5,4,5,5,5,5,3,3,5,3,5,5,5,4,2,4,3,5,4,4,5,3,5,4,1,5,1,5,4,4,3,5,4,4,3,2,3,5,5,3,4
"75",103,2,4,2,5,4,3,5,4,2,4,3,4,5,3,4,5,4,5,4,5,4,5,5,5,5,4,4,5,4,5,4,1,5,5,4,4,4,5,4,3,3,2,5,3,4,3,5,5,3,5,3,4,3,4,5,2,5,4,4,5,2,3,5,3,3,4,5,3,2,4,1,5,5,3,5
"76",71,4,4,4,5,4,4,5,5,4,4,4,4,4,5,4,4,5,2,4,4,4,4,4,4,5,4,4,4,4,5,4,2,4,2,2,4,4,4,4,5,5,4,5,4,2,4,4,2,4,4,2,4,4,2,4,4,5,4,2,4,2,4,4,4,4,4,4,2,4,2,2,4,4,4,4
"77",94,4,5,4,3,3,2,5,4,4,4,4,3,5,4,3,3,4,3,5,3,2,5,3,3,4,3,4,4,4,4,4,4,4,4,4,4,5,3,4,3,3,2,4,3,1,3,5,4,4,4,2,4,4,4,5,4,5,5,3,5,3,5,4,5,3,3,5,4,5,3,2,4,3,4,4
"78",43,4,4,2,2,4,2,5,2,4,1,4,2,4,4,4,2,1,3,5,4,4,4,2,2,5,4,2,2,4,4,2,2,4,2,4,4,4,2,4,4,5,2,4,3,4,5,4,4,4,4,2,2,5,5,4,4,5,4,4,4,2,4,4,4,4,3,5,2,4,4,4,2,3,2,5
"79",28,3,5,5,4,4,4,4,4,5,4,4,2,4,3,1,4,1,4,3,2,4,4,4,4,4,4,3,4,4,4,2,3,5,4,3,1,5,4,5,4,5,1,4,3,2,3,4,4,5,4,3,3,3,4,3,5,5,2,3,2,3,5,4,5,3,4,5,3,4,2,2,4,4,3,3
"80",97,4,5,5,3,5,2,5,5,4,4,4,5,4,4,4,4,3,4,4,5,5,5,5,2,5,4,4,5,4,5,2,4,4,2,4,2,5,5,5,5,2,2,5,4,4,2,5,4,3,5,2,5,4,4,5,1,5,5,1,5,2,5,5,4,3,4,5,4,4,1,2,4,5,4,5
"81",75,2,4,5,2,4,1,4,5,4,2,2,2,4,2,4,4,4,4,4,2,2,2,4,4,5,1,4,1,4,5,2,1,4,4,5,2,5,2,4,4,4,2,4,4,4,4,5,5,3,4,2,2,4,4,4,2,5,4,2,5,3,5,5,2,2,2,4,2,1,2,1,4,4,2,4
"82",81,2,4,4,5,4,2,4,4,5,4,3,5,2,4,4,5,2,4,4,2,4,4,5,4,5,4,2,5,5,4,2,4,5,4,5,4,2,4,5,2,4,2,5,3,4,5,2,5,2,2,2,4,4,3,4,5,1,5,3,4,2,5,5,4,3,4,1,4,2,2,1,4,5,4,4
"83",100,5,5,5,3,4,4,4,4,4,3,2,4,4,4,3,4,4,4,4,4,4,4,4,4,4,4,2,5,2,4,4,3,4,3,4,5,5,4,3,3,3,3,4,2,4,5,4,3,3,3,3,4,3,2,4,3,3,4,3,3,3,5,4,3,3,4,4,4,3,3,3,3,4,3,4
"84",31,2,5,5,2,4,2,5,4,4,4,4,2,2,4,3,5,5,4,2,4,4,5,4,1,5,4,1,3,2,5,5,1,4,4,5,5,4,2,5,5,5,4,4,2,5,4,4,2,4,4,2,4,4,2,4,5,4,4,2,4,3,5,4,4,4,4,4,4,4,4,3,4,2,4,5
"85",110,4,4,2,1,5,4,5,2,2,5,4,2,2,4,4,4,2,5,2,4,5,4,2,3,5,4,5,3,1,5,4,5,2,3,4,5,4,4,4,4,5,2,3,2,2,2,4,2,1,4,4,5,2,2,4,4,5,2,2,5,3,4,2,5,4,4,4,2,4,4,4,4,3,2,5
"86",80,2,4,4,4,2,4,2,4,4,1,3,4,5,4,2,5,4,3,4,5,5,3,2,5,4,4,3,3,4,5,3,2,4,2,5,3,4,2,4,4,2,2,4,4,4,3,3,5,1,2,3,3,4,2,2,2,2,4,2,2,3,2,4,2,4,4,2,4,2,2,2,4,2,4,2
"87",118,4,5,4,4,5,4,5,5,5,2,5,5,4,4,2,1,5,4,4,5,2,5,5,2,5,4,4,5,2,5,2,1,5,4,4,2,2,4,4,5,4,2,4,4,5,1,2,4,3,4,4,5,4,2,5,5,5,5,3,5,2,5,4,5,2,5,5,4,5,2,1,5,2,5,5
"88",109,5,5,5,3,4,4,5,5,1,5,5,4,5,2,5,5,3,5,3,5,3,5,5,2,1,5,5,5,3,3,5,3,5,1,5,3,5,5,3,3,5,5,5,3,5,5,5,5,3,5,3,5,5,3,5,3,5,3,1,3,5,5,5,3,5,5,5,3,3,5,3,5,5,1,5
"89",89,5,5,5,2,5,4,5,5,1,1,5,4,5,1,5,5,3,5,3,5,3,5,5,1,1,3,3,5,3,4,5,2,5,1,5,4,5,5,3,3,2,2,5,2,3,3,5,5,3,5,3,5,5,3,4,3,5,3,1,3,5,5,5,3,5,5,5,3,3,1,3,5,5,1,5
"90",114,4,4,3,1,4,5,4,3,1,4,4,2,4,1,1,3,2,4,2,2,3,3,4,2,4,3,2,4,2,4,5,2,4,2,3,5,1,4,2,4,2,1,4,3,1,5,4,4,1,4,4,3,4,5,4,1,4,5,2,1,1,4,4,4,4,4,4,5,1,1,1,4,4,1,5
"91",117,4,5,4,4,4,4,5,4,4,2,4,1,4,2,3,3,3,4,2,2,4,5,4,2,5,4,4,5,1,5,3,5,5,4,5,2,5,5,5,5,4,2,5,4,5,5,5,4,5,5,4,5,4,4,5,4,5,4,5,4,1,5,5,5,4,3,5,4,4,3,4,5,4,2,4
"92",68,4,4,5,4,2,2,3,2,3,4,2,4,5,4,2,5,3,3,4,2,5,4,4,4,4,4,2,3,4,3,2,2,4,2,4,1,1,4,2,2,2,2,5,1,2,3,4,3,3,3,5,4,4,4,3,3,5,4,2,4,3,4,4,4,2,4,4,4,4,2,2,4,2,4,3
"93",70,5,4,5,5,5,4,5,5,5,5,5,5,5,5,5,5,5,4,5,5,4,5,5,4,5,4,5,5,5,5,4,5,5,5,5,2,5,4,5,5,4,4,5,5,5,4,5,5,5,4,4,5,5,5,5,2,5,5,2,5,3,5,5,5,4,3,5,4,5,2,3,5,4,4,5
"94",106,5,4,2,2,4,4,1,2,5,4,4,1,2,2,4,4,5,4,4,5,4,4,5,2,5,2,4,4,4,5,1,1,4,3,3,3,3,4,5,5,4,5,5,5,5,4,3,1,5,4,2,2,2,1,4,1,5,1,5,5,1,5,4,5,1,3,4,4,5,4,1,4,5,2,5
"95",101,2,4,4,4,4,2,4,4,4,4,2,4,2,4,4,2,4,2,2,2,3,4,4,2,4,3,4,4,2,4,2,4,4,2,5,1,5,2,4,3,2,4,4,4,4,2,4,2,4,2,2,4,5,4,4,2,4,4,2,4,2,5,4,4,3,3,4,4,2,2,1,4,4,3,4
"96",84,5,4,5,4,5,5,4,5,1,5,4,2,4,3,1,5,1,4,1,5,5,5,4,1,5,4,1,1,1,3,5,1,3,3,5,5,4,4,1,4,5,4,2,1,4,5,5,5,1,5,5,2,5,3,4,5,4,5,1,5,3,5,1,1,5,5,4,5,1,5,5,2,1,2,5
"97",115,5,4,2,1,5,3,4,4,1,5,4,2,4,3,4,3,2,5,2,4,4,4,5,4,4,4,4,4,2,5,5,2,4,4,5,1,4,4,4,4,3,2,4,3,2,3,5,4,4,5,4,4,4,2,5,4,4,2,3,5,4,5,5,4,4,4,4,1,2,2,2,4,5,2,5
"98",63,5,5,3,4,4,4,2,3,4,5,5,2,3,3,2,3,2,4,4,5,4,4,5,4,5,4,2,3,4,5,4,3,4,2,4,3,4,4,3,4,5,2,5,3,4,5,3,3,3,2,4,4,2,4,4,3,4,5,2,5,3,4,4,4,4,4,4,4,4,4,3,3,3,4,4
"99",73,4,5,2,2,5,5,5,4,2,5,4,5,2,2,4,4,5,4,4,4,4,4,2,2,4,4,4,4,2,5,4,4,4,2,4,1,4,2,4,5,5,4,4,4,4,4,5,2,2,3,2,5,2,4,5,4,4,2,2,5,3,5,2,5,4,5,5,1,4,1,4,2,2,4,5
"100",112,2,4,5,4,4,2,5,5,5,5,3,2,3,5,5,3,4,2,4,3,2,5,5,4,4,3,4,5,5,4,3,2,4,5,5,2,2,4,5,4,3,2,2,5,4,2,4,4,4,4,2,3,4,5,2,2,4,2,4,4,2,5,4,5,3,4,2,4,5,2,3,4,4,5,4
"101",104,5,5,4,1,5,5,5,4,4,5,5,2,5,4,3,5,1,5,2,5,5,5,4,1,5,5,1,4,1,5,5,1,4,1,4,5,5,5,4,5,4,2,5,1,5,5,5,1,4,2,4,5,2,1,5,3,5,2,1,4,3,5,5,5,5,5,1,5,5,5,5,2,1,2,5
"102",82,5,4,5,5,5,4,5,4,4,4,4,5,4,4,4,5,2,5,2,5,5,5,4,2,5,4,1,3,2,4,4,5,5,3,5,3,5,4,4,4,3,2,5,3,2,3,4,4,3,4,5,5,5,3,4,1,5,3,3,4,3,5,5,5,3,3,3,5,4,1,3,4,5,4,5
"103",116,4,5,4,4,5,5,5,4,5,5,5,1,5,4,1,5,2,5,4,5,5,4,3,3,4,5,2,4,1,5,4,1,3,1,5,4,5,3,3,3,5,4,2,4,1,3,1,2,2,1,4,2,1,1,5,5,5,3,3,4,3,4,2,5,4,4,2,2,5,2,3,4,2,2,4
"104",52,4,4,2,4,2,4,1,4,5,4,4,3,4,5,3,3,3,3,4,3,3,4,4,4,2,2,3,4,4,4,2,3,4,4,3,2,5,4,2,4,4,3,4,4,3,3,5,1,5,1,3,2,4,3,4,4,5,5,3,5,3,5,2,4,3,2,2,3,4,3,2,3,2,4,4
"105",122,4,4,2,1,5,2,4,2,3,4,5,4,5,2,4,4,4,3,2,2,4,4,4,2,5,3,4,4,3,5,4,2,4,2,3,4,5,4,2,5,5,2,5,3,1,4,2,4,3,4,4,4,5,2,3,5,3,2,2,5,3,5,4,1,3,4,4,4,2,4,4,3,4,2,4
"106",123,4,4,5,5,4,4,5,5,5,5,2,5,4,5,5,5,1,5,2,5,4,5,4,4,5,5,5,5,5,5,4,1,5,5,5,5,5,5,4,5,1,1,4,2,5,4,5,4,2,4,1,5,5,4,5,1,5,2,2,2,1,5,4,5,5,5,5,4,5,4,1,4,2,4,5
"107",120,4,4,3,2,4,4,5,4,4,5,4,5,5,4,4,5,5,4,3,3,4,5,4,4,5,4,4,3,4,4,5,4,5,3,4,5,5,4,4,3,3,4,5,4,4,3,4,2,3,3,3,4,4,2,4,4,4,4,2,4,3,5,4,4,3,4,3,3,3,4,3,4,4,3,4
"108",119,5,5,4,2,4,5,5,4,4,5,4,4,2,2,4,5,2,5,4,5,4,4,4,5,5,5,1,4,4,5,5,2,4,1,5,2,1,2,5,5,2,4,5,4,5,5,1,5,1,5,1,2,2,5,2,2,4,4,4,5,1,5,5,5,4,5,1,4,4,4,2,4,1,1,5
"109",121,5,5,5,5,5,4,5,5,5,5,5,5,5,5,5,5,5,5,5,5,5,5,5,5,5,4,5,5,5,5,4,4,5,5,5,5,5,5,5,5,5,5,5,5,4,4,5,5,5,5,4,5,5,4,5,4,5,5,5,5,5,5,5,5,4,5,5,5,5,4,4,4,4,5,5
"110",126,5,5,5,4,5,2,5,4,5,5,5,4,4,5,2,5,5,4,4,4,4,5,4,4,5,4,5,5,5,5,4,2,5,4,5,5,5,4,5,4,4,2,5,4,4,2,5,4,2,5,1,4,5,5,5,4,5,5,4,2,5,5,5,4,4,5,5,2,4,1,4,4,4,5,5
"111",92,5,5,5,5,5,4,5,5,4,5,4,5,5,4,4,5,5,5,4,5,5,5,5,2,5,5,5,5,1,5,5,4,5,2,5,5,5,5,2,5,5,2,5,2,5,5,5,5,5,5,1,5,5,4,5,5,5,5,1,5,1,5,5,4,1,5,5,5,4,2,4,5,5,4,5
"112",125,4,2,4,1,5,2,2,5,5,5,2,4,4,5,5,5,2,4,4,5,4,4,4,2,5,4,5,5,4,5,4,2,5,2,5,4,5,4,5,5,4,4,4,4,1,1,2,4,2,4,2,2,4,1,4,2,5,5,1,5,2,5,4,5,5,5,4,4,4,2,4,4,2,4,4
"113",96,4,5,5,5,4,4,5,4,5,5,5,4,4,3,4,5,4,4,2,4,5,5,4,3,4,5,1,5,2,4,4,4,4,2,4,5,4,5,5,5,4,2,5,4,5,3,5,4,3,4,4,4,2,1,4,4,5,4,1,4,3,5,2,4,4,5,5,5,5,2,3,4,5,4,5
"114",86,4,2,5,4,4,1,5,5,4,1,4,2,4,4,1,5,4,5,5,4,4,4,4,2,5,2,4,1,4,5,1,1,5,2,5,1,5,5,4,4,4,1,4,3,5,1,4,4,4,5,1,1,5,5,5,1,5,2,1,4,2,4,4,4,1,2,5,5,4,1,2,5,4,4,5
"115",61,4,5,2,2,5,2,5,2,1,5,4,5,5,1,4,2,5,2,4,5,4,1,2,2,5,4,5,2,4,5,4,1,2,1,2,5,5,2,1,5,5,2,2,1,5,4,5,2,4,5,2,2,5,3,5,4,5,1,1,5,4,5,2,1,2,2,5,2,1,1,1,2,2,2,5
"116",218,5,5,5,4,5,5,5,4,5,5,5,4,5,5,5,5,5,5,5,5,5,5,5,5,5,5,5,5,5,5,5,5,4,5,5,5,5,5,5,5,5,5,4,5,5,5,5,5,4,5,5,5,5,4,5,5,5,5,5,5,5,5,5,5,5,5,5,5,4,5,5,5,5,5,5
"117",179,4,4,5,2,5,5,4,4,5,2,2,5,4,2,5,5,1,5,1,5,5,5,5,3,1,5,1,4,1,5,4,1,5,3,5,4,4,5,5,5,3,1,4,4,4,1,2,3,2,5,4,3,5,4,1,1,5,4,1,4,1,2,4,5,4,4,2,4,3,2,1,2,5,4,5
"118",189,4,3,5,5,4,2,5,4,4,1,1,2,2,1,4,2,5,4,5,4,2,5,4,5,5,4,4,5,2,2,1,4,2,5,5,2,1,5,1,5,4,4,1,5,5,4,4,1,5,1,5,2,4,4,5,5,1,5,5,1,5,2,5,2,5,4,4,2,4,1,1,4,4,2,1
"119",162,5,5,5,4,5,4,5,4,4,5,5,5,5,5,4,5,4,4,2,5,5,5,4,2,5,5,5,5,4,5,4,2,5,4,5,5,5,5,5,5,5,2,4,2,1,5,5,5,4,4,4,4,4,5,5,4,5,5,2,4,2,5,5,5,2,5,5,1,5,2,2,5,5,4,4
"120",131,2,5,5,5,4,5,5,2,1,3,5,1,4,5,3,5,2,5,4,2,5,2,4,5,5,4,2,5,3,2,4,1,5,1,5,2,2,5,5,5,2,1,3,2,2,3,5,1,2,4,4,2,4,2,4,2,4,1,5,2,4,4,4,4,4,4,2,4,3,1,5,2,5,4,4
"121",136,4,4,5,3,4,3,3,5,5,5,4,5,5,5,4,3,5,3,4,4,1,4,4,4,4,3,4,3,4,2,2,2,4,4,5,5,5,3,5,5,5,3,5,3,3,3,4,3,3,3,3,2,3,3,4,4,4,3,2,4,2,4,4,3,3,4,5,4,3,4,1,4,3,3,5
"122",128,4,3,3,5,4,4,3,4,4,2,3,4,5,5,4,2,2,4,5,3,3,3,4,4,5,3,3,4,5,4,2,1,5,2,3,1,2,4,5,5,5,1,4,4,5,3,4,3,4,4,3,4,3,5,4,5,4,5,4,4,2,4,4,5,3,3,2,5,4,3,3,3,4,4,5
"123",196,5,5,4,4,5,5,5,3,5,5,5,5,5,4,5,3,5,4,3,5,4,4,4,1,5,2,5,3,4,4,5,4,3,5,5,4,5,5,4,5,1,2,4,3,5,1,5,5,3,5,5,3,5,5,5,1,5,5,3,5,2,5,5,5,5,5,5,2,5,5,5,5,3,2,5
"124",127,4,4,4,4,4,1,4,5,5,3,3,2,4,4,3,3,4,5,4,5,3,4,5,1,5,4,3,5,3,5,4,3,3,2,3,3,5,3,4,5,2,2,4,3,4,3,4,3,3,3,2,5,4,4,3,5,4,4,3,5,3,4,5,4,3,2,4,4,4,3,2,3,4,3,3
"125",212,4,1,1,4,1,2,2,1,5,1,1,1,1,4,5,1,1,1,5,1,1,1,1,5,1,1,1,1,5,1,1,4,1,2,1,1,2,1,2,1,1,4,2,5,2,5,1,2,5,1,2,1,2,4,1,2,2,1,5,1,5,1,2,1,1,1,2,5,1,1,5,2,2,5,1
"126",153,3,5,4,1,4,5,4,5,4,4,5,5,3,2,4,4,1,4,2,1,4,5,4,1,4,4,4,4,4,3,2,1,5,4,4,1,3,4,5,5,1,1,4,3,5,4,5,5,1,5,5,5,3,5,5,5,5,3,1,5,3,5,5,4,5,5,5,2,3,5,4,3,4,1,3
"127",175,4,5,5,3,5,5,4,4,2,1,5,3,4,2,5,4,4,5,3,4,5,2,5,1,5,5,4,4,1,4,4,1,5,4,5,3,4,5,5,5,1,1,5,4,5,5,5,4,4,4,2,2,1,5,5,1,5,3,3,2,3,4,5,4,4,4,2,4,4,2,3,3,4,4,5
"128",188,3,5,3,1,2,2,4,3,3,5,5,4,4,3,2,5,4,4,2,5,4,4,4,1,4,4,5,5,3,4,5,5,5,3,5,4,4,5,4,5,4,1,4,2,1,4,4,1,3,4,5,4,2,1,5,2,5,2,1,2,4,5,4,2,4,5,5,4,3,2,2,4,4,1,5
"129",180,4,5,5,2,5,3,5,4,5,5,3,5,4,5,5,5,2,5,5,4,5,5,4,2,5,5,5,4,4,5,4,1,5,3,1,1,5,5,5,5,5,5,5,5,5,3,1,1,5,1,5,4,3,1,5,5,3,1,3,5,3,4,1,5,4,3,4,3,5,1,5,3,4,5,5
"130",132,5,3,4,4,3,2,3,4,4,2,3,4,2,5,2,2,5,3,4,4,3,2,4,4,5,2,5,4,5,5,1,2,2,4,5,1,2,2,4,5,1,1,5,5,5,5,4,4,4,2,4,2,2,4,4,2,4,4,3,5,2,5,4,5,2,3,4,3,5,1,2,4,4,4,5
"131",133,5,5,3,3,5,1,5,3,4,1,5,5,5,3,3,3,3,5,2,3,3,5,5,2,5,4,5,5,2,5,5,1,3,1,1,5,5,3,2,5,5,1,5,2,1,3,5,3,4,3,1,5,3,3,5,5,5,5,3,5,4,5,5,5,3,4,5,5,3,5,3,3,3,2,5
"132",156,2,4,2,3,4,2,2,3,5,4,4,2,3,5,3,4,3,3,4,1,4,3,3,3,4,4,4,2,3,3,3,1,4,2,4,5,5,1,2,1,5,2,3,3,3,3,2,2,3,4,3,3,3,2,5,4,3,1,2,4,3,4,3,3,3,4,4,4,4,1,4,4,3,5,5
"133",154,4,4,4,5,3,3,4,3,3,1,4,1,4,3,1,4,4,4,5,4,3,4,4,4,5,4,5,5,1,5,5,1,5,1,5,1,4,5,5,5,3,5,5,2,5,4,4,1,4,3,2,4,5,4,3,1,4,3,3,4,4,5,5,5,5,3,4,4,3,5,3,3,3,3,3
"134",129,4,3,2,4,3,4,4,3,5,3,5,4,3,5,3,4,3,2,4,4,3,4,4,4,5,4,4,4,4,3,3,3,4,4,2,4,4,4,5,4,5,2,4,4,3,2,5,3,4,4,2,2,3,4,3,3,3,2,4,5,2,4,3,4,2,3,5,4,5,4,2,3,3,4,5
"135",184,5,5,5,1,5,1,4,5,5,1,5,4,4,5,4,5,2,5,2,5,4,4,5,4,5,4,5,5,4,5,4,5,5,2,2,5,5,4,1,5,5,2,5,5,5,5,5,4,5,1,2,5,1,5,5,5,5,5,4,5,2,5,5,5,4,5,5,5,5,5,5,4,1,5,5
"136",151,5,3,3,2,5,4,3,5,2,3,5,3,4,1,4,5,3,5,2,5,5,3,4,2,5,5,3,4,2,4,4,3,5,2,5,4,2,5,1,4,2,1,5,3,4,4,5,3,2,5,3,2,5,2,2,5,3,1,1,4,3,5,5,2,5,5,3,5,2,3,5,2,4,1,5
"137",232,5,3,3,2,4,4,1,5,2,3,3,3,2,1,1,4,5,5,2,1,4,4,2,3,4,5,1,4,1,5,4,1,5,1,4,5,1,1,1,5,1,5,5,5,3,5,1,1,5,1,5,5,5,1,5,1,5,1,5,1,1,5,5,5,3,3,1,4,4,5,1,5,4,4,5
"138",195,4,4,3,4,3,3,4,3,4,4,2,3,3,4,3,4,4,3,4,4,3,4,3,3,5,3,3,2,3,5,3,2,4,4,2,3,4,3,4,4,3,2,4,3,2,3,4,3,3,4,2,2,4,4,4,3,2,4,3,2,3,4,2,2,3,2,4,3,3,2,2,4,2,3,4
"139",199,4,5,5,2,5,5,5,5,4,5,4,4,5,2,4,4,5,5,5,1,4,4,4,4,5,4,5,5,4,5,4,5,5,4,5,4,4,4,4,5,4,4,5,2,5,4,5,5,2,5,1,5,5,5,5,5,5,5,2,5,2,5,5,5,4,5,5,5,5,1,1,5,5,1,5
"140",148,4,5,4,4,4,5,5,3,4,3,2,5,5,4,4,5,4,5,3,4,4,4,4,1,4,4,3,4,3,4,4,4,5,3,3,5,5,4,5,5,5,3,5,3,3,3,4,3,3,4,4,4,5,3,4,5,5,3,3,3,3,4,4,4,4,3,4,4,4,3,2,5,2,2,4
"141",198,4,5,5,5,4,5,5,4,3,5,5,4,5,4,4,4,4,4,3,3,5,4,5,3,5,5,3,4,5,4,5,5,5,3,5,5,5,5,4,3,3,5,4,4,5,2,3,4,3,4,1,4,4,3,5,5,5,5,3,4,3,5,4,5,3,5,4,4,4,3,4,4,5,5,4
"142",143,4,5,4,3,4,3,4,4,5,4,3,4,5,5,4,4,2,4,4,4,4,5,5,4,5,3,5,5,4,4,3,2,5,5,5,4,3,5,5,3,3,3,5,5,3,4,4,4,4,4,3,3,5,4,4,2,4,4,3,4,3,5,5,5,4,5,4,4,5,3,3,3,4,4,4
"143",208,5,4,5,3,2,5,4,5,3,3,4,1,3,1,4,3,3,5,2,5,3,3,3,2,5,2,4,4,4,3,2,4,4,5,2,4,5,3,4,4,3,1,3,3,5,5,4,4,4,4,3,3,3,4,5,4,4,4,3,3,3,2,3,3,3,2,3,2,2,4,4,2,1,2,2
"144",160,4,3,2,2,2,4,2,2,2,4,4,2,5,2,1,5,2,5,4,1,5,2,2,2,1,5,4,2,4,5,4,2,4,3,4,1,4,4,5,5,4,1,4,3,2,5,2,5,2,4,2,4,4,5,4,4,5,2,4,4,3,1,4,5,4,3,2,4,4,5,2,4,2,3,5
"145",225,2,5,5,1,5,1,5,5,1,5,1,5,5,1,1,1,1,5,1,1,5,5,5,1,5,5,5,5,5,1,5,1,5,1,5,5,1,5,1,5,5,5,5,1,5,5,5,5,1,5,5,5,5,5,5,1,5,1,1,1,5,5,5,1,1,5,5,1,5,5,5,5,5,5,5
"146",176,5,5,5,1,5,1,5,5,1,5,5,5,5,1,5,5,1,5,1,1,5,5,5,1,5,5,1,5,1,5,5,1,5,1,5,5,5,5,1,5,5,5,5,2,5,5,5,5,4,5,1,5,5,1,5,5,5,5,1,5,1,5,5,5,5,5,5,5,1,5,1,1,5,1,5
"147",155,3,5,4,2,4,5,4,4,3,5,4,2,4,1,3,5,3,5,1,3,5,4,3,1,4,5,3,4,2,4,5,1,5,2,5,3,4,4,2,2,5,5,4,2,2,4,3,3,3,5,4,4,5,1,4,5,4,2,1,2,3,5,4,4,4,5,3,4,2,4,4,2,4,2,5
"148",239,5,4,5,1,3,4,2,4,2,3,5,5,3,1,3,3,3,3,3,3,3,3,3,3,3,3,3,3,3,3,3,3,3,3,3,3,3,3,3,3,3,3,3,3,3,3,3,3,3,3,3,3,3,3,3,3,3,3,3,3,3,3,3,3,3,3,3,3,3,3,3,3,3,3,3
"149",185,5,4,4,5,5,4,4,5,5,5,5,4,2,4,2,4,4,4,5,4,2,4,4,5,5,4,5,4,5,5,4,5,4,4,4,4,4,4,5,5,5,2,4,4,4,4,4,4,4,5,2,2,4,4,4,5,4,4,2,5,4,4,4,5,4,4,4,4,5,2,4,4,4,2,5
"150",178,4,2,5,2,4,2,2,5,4,2,3,4,4,1,4,4,1,2,4,2,4,2,4,4,4,2,4,2,2,4,2,2,4,3,4,4,5,5,2,4,2,2,4,2,4,3,2,4,2,4,2,4,5,4,4,2,4,2,1,4,2,4,5,2,4,4,2,4,2,4,4,3,2,1,2
"151",158,5,5,4,2,5,4,4,4,4,5,1,2,5,4,4,4,2,5,2,4,2,2,5,4,5,4,5,5,4,4,5,4,5,4,4,5,5,4,4,5,5,1,5,4,2,4,5,1,2,4,2,4,5,2,4,5,4,4,1,4,2,5,5,4,4,5,5,4,4,1,1,5,4,4,5
"152",169,4,2,5,4,5,2,2,4,2,5,2,4,5,4,1,5,4,2,4,4,4,5,4,1,5,2,2,5,5,5,4,4,5,5,5,5,5,4,5,5,5,1,4,5,1,2,2,1,4,4,5,2,1,2,4,1,2,4,4,5,2,5,5,5,5,4,4,5,4,2,4,4,5,2,5
"153",163,5,5,5,4,4,4,5,5,4,4,4,5,4,5,4,4,5,5,4,4,4,5,4,1,4,4,5,5,1,4,5,1,5,2,4,1,5,2,5,5,5,4,4,4,4,4,4,5,4,4,4,4,2,4,5,5,5,4,1,2,5,5,1,5,4,5,5,4,4,4,1,4,4,5,5
"154",206,4,4,1,5,4,2,4,2,5,4,5,5,4,5,4,5,4,2,5,5,2,4,2,5,5,2,2,1,5,5,4,1,2,5,2,4,5,2,5,5,2,2,4,5,5,1,1,5,5,4,5,1,2,4,5,4,2,1,4,5,2,4,4,5,2,2,2,1,5,4,1,4,1,4,4
"155",202,5,4,5,5,4,5,4,4,5,1,5,1,5,5,5,5,1,4,4,4,5,4,4,5,4,5,1,4,4,4,4,1,5,1,5,1,5,5,5,5,1,1,5,5,5,1,1,2,4,2,1,4,4,2,2,1,2,4,4,1,4,4,4,5,4,4,2,2,5,4,2,4,4,5,5
"156",197,4,4,5,1,4,2,1,5,1,4,2,2,4,1,3,5,2,4,2,1,5,4,4,1,2,5,1,5,1,4,4,3,4,1,5,2,2,4,3,1,4,2,4,1,2,4,2,4,1,4,4,2,4,2,3,2,1,4,2,2,3,4,4,4,4,5,2,4,4,4,5,4,5,1,5
"157",161,4,2,1,4,2,2,4,1,5,4,4,2,5,2,4,5,1,5,2,5,5,4,5,2,5,4,2,3,2,5,5,5,4,5,5,5,5,5,4,5,2,1,5,4,5,3,5,2,1,2,4,4,1,1,4,2,5,4,3,5,4,5,4,5,4,5,5,1,5,5,5,4,4,4,5
"158",134,2,4,4,2,5,3,5,4,4,2,4,4,4,4,4,4,5,5,2,2,4,5,5,5,5,2,1,5,4,5,5,5,5,1,4,4,5,4,5,5,1,5,4,2,5,5,5,2,3,5,2,5,1,2,4,5,5,5,1,5,3,5,4,5,4,5,4,5,1,4,2,5,2,2,4
"159",237,1,4,1,1,2,1,5,1,2,4,1,5,1,2,4,2,4,2,4,5,2,4,2,2,5,2,4,1,2,5,4,1,4,5,1,5,2,1,4,5,5,2,4,4,2,2,5,1,4,4,1,4,4,2,2,5,2,1,4,5,2,4,2,5,3,2,5,1,4,4,2,5,1,2,5
"160",147,4,3,5,4,4,3,1,5,4,5,3,2,3,3,3,5,2,3,3,4,4,4,3,5,4,4,3,4,3,5,4,1,2,4,5,4,3,2,5,5,5,2,5,4,2,5,1,1,1,3,4,3,1,3,5,2,2,1,2,5,3,4,1,5,5,5,1,3,5,5,4,3,2,5,5
"161",170,1,5,2,5,5,2,4,4,5,5,1,1,2,5,5,5,1,4,1,1,4,4,3,1,5,1,1,2,1,1,5,1,5,1,5,5,5,2,5,5,5,5,3,2,1,5,5,1,4,4,5,2,2,2,2,5,2,5,2,5,5,5,1,5,5,5,3,1,5,5,4,4,1,4,5
"162",186,5,4,2,5,4,2,4,5,5,5,2,2,2,5,4,4,1,1,4,5,2,5,4,5,5,2,5,4,1,5,4,5,4,5,5,4,2,2,5,5,4,2,4,5,5,5,4,5,5,5,5,5,5,4,4,5,1,5,4,5,2,5,1,5,4,2,2,2,5,4,2,4,2,5,4
"163",144,3,5,5,3,4,4,5,5,3,3,3,5,5,4,2,3,5,2,4,2,2,5,4,4,4,2,5,5,5,3,2,5,4,5,2,1,4,4,3,5,2,2,4,3,3,3,4,4,4,3,1,3,5,3,4,3,5,5,2,4,2,4,5,4,4,4,5,5,2,1,1,2,4,2,5
"164",234,3,5,3,5,5,5,3,3,5,3,5,1,5,5,3,5,3,5,3,1,5,5,3,3,5,5,1,5,1,5,5,3,5,1,5,5,3,3,5,5,5,1,5,5,5,4,4,4,2,1,2,3,4,3,5,4,4,5,3,5,3,5,5,5,5,5,2,5,5,4,4,4,4,4,5
"165",210,5,5,5,4,5,4,4,4,4,4,5,5,4,4,5,4,5,5,4,2,5,1,5,1,5,5,1,5,4,5,5,1,5,4,4,5,1,5,5,5,5,2,5,4,4,5,5,5,2,5,1,2,5,5,5,5,5,4,2,5,4,5,5,5,4,4,4,5,4,1,2,4,2,2,5
"166",142,3,5,4,3,4,1,5,3,3,5,3,1,4,5,3,3,3,4,2,5,4,4,4,2,5,4,5,4,3,5,4,1,5,5,3,5,5,3,1,5,5,1,5,5,4,4,4,2,3,4,5,4,1,3,4,4,4,5,4,4,2,4,2,5,5,5,4,4,5,5,2,4,4,2,4
"167",150,5,5,5,3,4,5,4,5,4,5,5,2,4,4,2,4,2,3,4,4,4,3,5,1,5,4,4,4,3,5,3,1,4,1,4,3,4,3,4,5,5,4,5,3,4,5,4,3,3,3,3,4,3,3,5,5,2,4,1,5,1,5,2,5,4,5,4,5,4,2,2,4,5,3,5
"168",145,5,5,4,4,4,5,5,4,4,5,5,5,5,4,2,5,5,4,4,4,4,2,4,4,5,5,4,4,4,5,2,2,5,5,5,4,4,5,5,4,5,5,5,4,2,4,4,5,4,1,2,2,4,4,4,5,4,5,5,2,2,5,4,5,1,2,5,2,5,2,5,4,4,5,5
"169",187,4,5,5,4,3,3,4,4,5,2,3,4,5,5,2,3,4,4,3,4,4,4,4,1,4,4,4,4,1,4,4,4,5,1,5,1,5,5,5,4,2,4,5,3,5,2,4,4,2,4,1,4,5,1,3,4,4,4,2,2,3,4,4,4,2,5,4,4,2,2,3,3,5,1,5
"170",223,5,5,5,1,5,4,5,5,5,5,4,5,4,2,5,5,5,5,4,5,5,5,5,1,5,4,5,5,5,5,5,5,5,5,5,5,5,5,5,5,5,2,5,5,5,5,5,1,1,5,5,5,1,5,5,5,5,5,5,5,4,5,4,5,5,5,5,2,5,5,2,5,5,4,5
"171",141,4,5,4,5,4,1,5,2,2,5,4,5,4,2,4,4,4,4,2,2,4,4,5,1,2,2,1,4,4,2,2,1,5,2,5,1,5,2,2,4,4,2,4,2,1,4,5,2,2,4,2,5,2,2,2,4,4,1,4,5,2,5,4,2,4,4,4,2,1,5,2,3,2,2,4
"172",167,5,5,5,3,4,4,5,5,5,4,3,5,3,5,3,3,5,1,4,3,2,5,3,3,1,1,5,1,4,3,2,5,3,4,4,3,4,1,5,3,2,4,5,4,5,3,5,3,4,3,2,4,3,1,3,4,5,5,2,5,5,5,2,5,1,5,5,2,3,1,2,4,2,4,5
"173",215,3,5,2,2,4,2,5,4,4,3,2,3,4,5,1,3,4,3,3,5,5,4,4,2,5,5,5,3,1,3,5,3,5,4,3,5,4,3,2,5,5,2,4,2,5,3,3,3,3,2,1,4,2,3,3,5,4,5,3,4,3,5,3,4,4,5,5,3,4,3,3,3,2,4,5
"174",139,4,4,4,1,4,2,2,4,2,5,4,4,3,2,4,4,3,4,2,2,4,4,2,2,3,4,4,1,3,3,2,2,5,3,4,2,4,2,3,5,3,2,4,2,4,3,3,3,2,4,3,4,4,3,3,2,2,4,3,4,3,4,4,4,3,4,4,2,4,4,4,4,4,2,4
"175",149,4,3,5,3,4,5,4,4,4,4,3,3,3,4,3,3,3,4,3,4,3,4,3,3,4,4,4,5,4,4,4,4,4,2,2,4,5,4,2,5,4,2,4,5,4,2,4,2,4,4,4,4,4,4,4,2,5,4,4,4,2,4,2,4,2,2,4,4,4,2,1,4,4,4,4
"176",228,4,5,5,4,5,5,5,5,2,5,5,5,5,2,5,4,4,5,1,1,5,5,5,2,5,4,5,5,2,5,5,5,5,1,5,5,5,5,1,5,5,1,5,1,5,5,5,5,1,5,1,5,5,4,5,5,5,1,1,1,1,5,5,1,5,5,5,5,1,1,1,5,5,1,5
"177",209,4,4,4,4,4,5,5,5,5,5,5,4,4,5,4,4,5,4,5,4,4,5,4,5,5,4,5,4,5,5,5,5,5,5,5,4,5,2,5,5,5,2,4,5,5,4,4,4,4,2,4,5,4,4,5,5,5,4,2,4,1,5,4,5,1,4,5,2,5,2,4,5,4,5,5
"178",152,5,5,3,2,4,4,4,2,2,4,5,3,3,1,5,3,4,3,2,2,3,5,4,2,5,3,3,5,4,4,4,4,3,3,3,2,4,4,3,5,5,3,5,2,4,5,5,4,3,5,4,3,2,3,4,5,5,5,2,4,3,5,3,4,4,3,3,3,3,3,1,3,3,1,5
"179",217,4,4,5,4,4,5,2,2,4,4,4,4,5,2,4,4,4,5,4,1,4,1,4,4,5,4,4,2,2,5,2,1,5,1,5,1,1,5,2,4,1,1,5,4,1,4,2,5,2,5,1,4,5,5,2,4,5,5,2,1,4,5,5,2,4,4,1,4,2,5,4,4,4,2,5
"180",236,4,5,5,5,3,3,3,5,4,5,3,3,5,3,1,3,1,3,3,5,3,5,5,4,5,1,2,3,4,5,5,2,5,1,5,1,4,5,5,5,5,5,5,2,2,3,3,2,2,1,2,3,3,3,2,2,3,5,1,1,3,4,1,1,1,5,1,1,1,5,5,1,4,2,1
"181",157,4,5,5,2,3,1,5,5,3,4,5,2,4,5,1,4,5,2,4,4,2,5,5,2,5,1,5,2,4,5,2,1,5,3,4,1,5,2,1,5,5,3,5,3,5,2,4,3,4,3,1,5,5,4,4,5,5,5,5,4,1,5,4,2,5,3,5,5,2,5,2,4,4,5,4
"182",205,4,5,3,4,5,4,5,4,3,3,3,2,3,3,3,3,2,5,2,5,4,5,4,3,4,4,3,4,3,4,4,1,5,4,4,5,5,3,4,1,5,4,4,2,2,5,4,2,4,3,2,3,3,4,4,4,4,2,2,3,4,4,4,2,4,4,5,3,2,2,4,4,3,2,3
"183",229,4,5,4,5,5,2,4,5,4,5,4,5,4,5,5,5,1,5,4,2,4,1,4,1,4,5,1,2,1,4,4,1,5,2,5,1,5,5,5,5,5,1,4,4,1,2,4,1,2,4,1,1,2,1,4,4,4,5,1,5,2,5,2,5,4,5,4,5,5,4,4,4,4,4,5
"184",219,2,4,4,5,5,4,4,5,5,1,5,2,4,5,5,5,1,5,2,4,5,5,4,4,5,5,4,4,1,5,5,1,2,4,5,5,5,5,4,4,1,4,5,4,2,2,4,4,2,2,2,5,4,4,4,2,5,5,3,4,3,5,4,5,4,4,5,4,5,1,2,4,4,5,5
"185",182,1,5,4,2,2,1,4,4,5,4,4,2,2,5,1,5,4,4,4,4,4,4,4,2,5,2,4,4,2,5,2,1,4,5,5,2,2,4,5,2,5,4,4,5,2,1,4,1,3,2,3,4,1,3,5,4,5,2,3,5,3,5,1,5,3,5,2,1,5,1,4,3,1,5,5
"186",224,5,5,5,4,4,5,5,4,4,3,4,4,5,5,3,4,5,5,4,4,4,5,5,2,5,5,2,5,1,4,5,4,5,5,4,5,4,5,4,3,3,4,4,2,4,2,3,2,4,2,2,5,4,4,2,3,4,4,2,4,5,5,5,5,1,4,4,5,2,1,2,4,4,4,4
"187",137,5,3,4,3,4,4,4,5,2,4,5,5,5,2,3,5,3,4,2,5,4,4,5,5,5,5,5,5,3,5,4,1,4,3,5,1,3,5,1,5,3,2,5,3,5,5,5,4,5,3,3,4,5,5,1,1,5,5,3,5,3,5,5,3,2,4,3,4,1,5,1,5,1,2,5
"188",193,2,4,5,3,5,5,5,5,2,4,5,3,5,1,4,5,2,5,3,2,4,4,5,2,4,4,3,5,2,4,4,2,5,2,5,5,5,5,4,4,5,2,5,3,4,4,5,5,1,5,3,5,4,5,4,4,5,5,1,4,3,5,5,4,5,5,4,5,4,2,4,3,5,1,5
"189",242,4,5,2,4,5,2,5,4,5,2,4,5,4,5,5,2,4,4,4,5,2,5,4,1,5,2,5,5,4,5,5,2,5,5,1,5,5,4,4,5,4,1,5,2,5,1,5,5,4,2,1,5,5,5,4,5,5,2,2,5,2,5,4,4,4,4,5,2,4,5,2,4,4,4,4
"190",130,2,5,2,4,2,2,5,4,4,5,4,5,2,5,1,4,5,5,4,4,4,4,2,2,5,4,5,5,5,4,5,2,5,4,4,5,2,4,4,5,4,4,5,4,5,4,5,2,4,4,1,2,4,2,5,5,5,5,4,4,2,4,4,4,1,4,5,5,4,1,2,4,1,5,5
"191",159,4,4,5,3,4,3,4,4,5,3,4,5,4,4,4,4,3,4,4,4,4,4,4,3,3,4,4,5,2,5,5,1,4,3,3,2,5,4,5,4,4,2,4,5,5,4,4,4,3,3,2,5,4,4,4,4,4,2,2,5,4,5,5,5,3,3,4,3,3,2,3,3,4,3,4
"192",201,4,4,5,4,4,2,5,5,4,4,2,5,4,4,2,2,5,2,4,2,2,2,4,1,4,2,2,4,4,2,1,1,5,2,4,1,5,2,2,5,1,2,4,2,2,4,4,4,4,4,2,4,4,4,4,2,2,5,4,2,1,5,4,5,3,3,4,4,5,2,2,4,3,3,4
"193",240,4,5,4,5,3,4,5,4,5,3,4,5,5,4,2,3,4,2,5,2,4,5,4,4,2,4,4,4,4,4,4,2,5,2,5,5,4,4,5,5,5,2,5,4,4,5,5,3,4,1,2,3,2,4,5,5,4,1,2,5,3,5,4,5,3,5,5,2,5,4,2,4,2,5,5
"194",211,5,4,5,1,5,5,1,5,5,5,5,5,2,5,5,4,1,1,5,1,3,3,4,2,5,3,5,4,3,5,5,1,5,4,5,5,5,3,5,5,5,1,5,1,1,5,4,1,4,5,5,5,5,1,5,1,1,1,5,1,1,4,5,5,2,5,5,1,5,5,2,5,5,4,5
"195",173,5,5,1,5,3,5,5,3,5,5,4,4,2,5,5,5,1,3,5,4,4,4,2,5,5,4,2,1,5,5,1,1,4,5,5,2,1,2,5,5,2,1,3,5,4,3,2,5,5,2,2,2,1,3,4,5,1,5,5,5,3,1,5,5,3,4,3,5,5,1,5,4,2,5,5
"196",174,1,4,2,4,3,4,2,4,4,5,4,4,3,4,4,5,2,4,4,4,3,1,2,4,5,4,2,3,5,5,2,1,4,5,4,1,2,2,5,5,2,1,4,5,4,3,4,2,2,4,2,4,1,3,4,2,4,2,3,4,3,4,2,5,5,5,2,4,4,1,5,4,4,4,5
"197",135,3,4,3,2,4,2,4,3,4,5,2,2,4,4,5,4,4,2,4,5,2,3,3,4,5,3,4,3,4,5,4,2,4,4,2,4,4,2,5,4,5,2,2,5,5,4,4,2,4,2,4,2,2,2,4,4,4,5,4,5,4,5,2,5,4,2,3,2,5,1,2,2,2,5,5
"198",244,5,5,5,1,2,1,5,5,5,1,1,1,5,1,1,5,1,5,4,5,5,5,5,1,1,5,4,5,5,5,4,3,5,4,3,5,4,5,4,5,5,3,5,3,2,5,1,1,1,5,1,5,1,3,5,1,5,4,1,5,5,5,5,4,5,5,5,5,5,1,3,1,5,4,5
"199",177,4,5,4,4,5,5,5,4,4,5,5,4,3,3,4,4,3,4,3,4,3,4,3,2,5,4,4,4,3,4,4,1,4,4,5,3,5,4,4,3,4,2,4,3,4,4,4,3,3,4,4,4,3,3,4,4,4,4,1,4,3,5,4,4,4,4,5,5,3,4,4,4,4,2,5
"200",204,5,4,2,2,5,2,5,3,2,4,2,2,4,2,3,5,4,4,2,5,5,5,4,1,5,4,2,3,2,4,4,4,4,4,5,5,4,3,4,3,4,4,4,2,5,5,4,2,1,4,4,4,4,2,4,4,2,2,1,5,4,5,4,4,2,3,4,3,2,4,3,1,3,2,4
"201",247,4,4,2,5,5,4,5,4,5,5,2,5,4,5,4,4,1,5,4,1,4,5,4,5,5,2,5,5,5,5,4,1,5,1,5,1,5,4,5,5,5,2,4,2,5,4,4,4,2,5,3,5,1,4,2,4,5,1,1,4,2,5,1,5,4,4,4,1,5,1,3,4,4,5,4
"202",245,5,4,4,4,5,5,1,5,4,5,5,4,5,5,5,4,4,4,4,2,5,5,5,4,5,4,5,5,5,5,5,5,5,4,5,5,5,5,4,4,4,1,5,4,5,4,4,5,2,5,4,4,3,4,4,4,4,2,2,4,4,4,4,5,4,5,4,4,4,4,1,4,5,4,5
"203",138,5,5,4,2,5,3,5,3,3,4,4,2,4,4,4,3,2,5,3,5,4,5,4,2,5,4,5,5,2,5,5,4,4,5,4,5,5,2,4,4,5,3,4,4,5,4,5,4,2,2,4,5,4,2,4,4,5,5,2,4,2,5,4,4,5,5,5,2,4,2,2,4,2,4,5
"204",246,4,5,4,4,4,2,4,4,4,5,4,2,5,4,4,4,2,4,4,4,5,4,4,4,4,4,2,4,2,4,4,2,5,4,4,1,2,4,4,4,4,4,2,4,4,4,4,4,4,2,4,4,4,4,4,3,4,3,2,4,3,4,4,4,4,4,4,4,4,4,4,4,4,4,4
"205",172,5,5,5,4,5,5,5,5,5,5,5,5,5,5,4,5,5,5,5,5,4,5,5,5,5,4,5,5,5,5,4,5,5,4,5,5,5,4,5,5,5,4,5,5,5,4,5,5,5,5,5,5,5,2,5,2,5,5,1,5,4,5,5,5,5,5,5,5,5,5,5,5,5,5,5
"206",243,4,2,2,5,5,2,1,2,5,5,5,2,2,5,1,4,2,5,5,1,5,5,5,5,1,5,1,5,1,2,5,1,5,5,5,5,5,5,5,5,1,1,5,5,1,2,1,1,5,1,5,1,1,5,3,1,1,1,5,5,5,5,1,5,3,5,1,1,5,5,3,3,1,5,5
"207",190,4,5,5,4,4,2,5,4,5,4,4,4,5,4,1,5,2,2,2,2,2,5,5,1,5,5,5,5,1,4,5,1,5,4,5,5,5,5,5,5,5,4,5,4,5,5,5,1,1,4,4,5,5,2,2,4,5,5,2,5,4,5,4,5,2,5,5,2,4,2,1,5,5,5,5
"208",203,5,5,5,3,4,4,5,4,2,3,5,5,3,2,5,3,2,5,3,3,4,4,4,2,5,4,4,3,2,5,4,5,5,2,5,5,4,3,4,5,3,3,3,2,5,5,4,3,3,4,4,3,5,3,3,4,4,5,2,5,1,5,4,4,4,3,5,1,2,4,2,4,3,1,5
"209",227,5,4,4,3,5,4,4,4,5,5,5,5,4,4,2,5,2,4,5,5,4,4,4,4,5,3,1,4,2,5,4,1,5,2,5,2,4,4,5,5,1,1,5,4,5,5,5,1,3,2,1,5,1,4,5,5,4,5,4,5,1,5,2,5,2,5,4,4,4,1,1,4,3,5,5
"210",220,5,5,2,4,5,4,4,2,5,4,5,1,5,5,4,5,1,4,4,5,5,4,5,5,5,5,4,5,4,2,4,5,5,2,4,5,5,5,5,4,5,2,5,4,4,5,2,5,5,4,4,4,2,4,5,5,4,5,1,5,3,2,4,5,5,5,1,2,5,4,2,2,5,5,5
"211",226,4,3,4,5,4,2,4,5,5,5,4,1,5,5,1,4,3,3,5,2,2,5,3,3,4,4,3,4,3,4,5,4,4,2,5,2,4,4,3,4,3,3,3,3,5,4,1,3,4,3,4,5,4,4,4,3,5,4,3,2,3,5,4,5,5,5,4,3,5,5,3,2,2,4,5
"212",254,5,4,4,3,5,4,4,3,4,4,4,4,5,4,5,3,5,4,3,3,5,5,5,3,5,4,5,4,4,5,4,5,4,3,5,5,5,4,4,5,5,5,5,3,4,5,4,3,3,4,3,4,4,3,3,4,4,4,2,4,3,5,4,5,5,4,5,5,4,5,4,3,4,4,5
"213",221,5,4,4,4,4,4,5,4,5,4,4,4,5,2,5,4,2,4,2,1,5,5,4,4,4,4,4,4,2,4,4,2,4,4,4,4,4,4,5,4,4,2,2,4,2,4,5,4,2,4,4,4,4,2,4,1,4,4,2,4,4,5,5,4,4,4,5,4,4,2,4,4,5,1,5
"214",168,2,5,5,2,5,3,2,5,5,5,3,2,2,4,2,5,1,4,3,2,4,4,4,2,5,5,4,3,5,5,4,1,5,4,4,1,5,1,5,5,5,4,5,5,4,4,5,5,2,4,2,4,4,4,4,4,5,5,1,5,3,5,2,5,3,4,4,2,5,5,3,1,3,5,5
"215",238,5,4,5,5,4,5,4,5,5,5,5,4,2,5,1,2,1,4,4,5,2,4,2,4,5,5,5,1,2,5,2,1,4,1,5,5,4,2,5,5,5,2,2,4,4,5,5,1,5,4,2,4,2,5,5,5,4,5,5,4,2,4,1,4,5,4,4,2,4,1,4,2,2,4,5
"216",181,2,4,4,4,4,2,4,4,4,3,5,2,2,2,1,3,2,4,2,4,3,4,4,2,5,4,5,5,2,4,5,4,5,4,2,5,4,4,5,4,5,3,2,4,1,3,4,4,5,2,2,3,2,5,2,5,4,5,4,5,5,5,2,5,4,2,5,5,2,5,4,3,2,2,5
"217",164,5,5,5,3,5,5,5,4,5,5,5,5,5,5,5,5,4,4,5,4,4,4,5,4,5,4,5,5,4,5,4,1,5,5,4,4,5,5,5,5,4,4,4,4,2,3,4,4,4,3,4,5,4,3,4,3,4,5,4,3,4,5,4,5,3,5,5,4,5,4,2,4,4,5,5
"218",140,4,5,4,3,5,5,5,3,5,2,5,5,4,5,5,5,5,3,5,3,2,3,4,4,5,4,5,5,4,4,4,1,1,5,4,5,4,5,5,5,3,4,4,4,1,3,3,4,5,3,4,5,4,3,5,3,4,5,4,4,4,5,4,5,3,5,4,4,4,5,2,3,4,5,5
"219",248,3,3,3,2,2,2,2,1,1,4,2,3,3,4,2,4,4,2,2,5,4,3,3,2,5,4,2,2,4,5,4,2,3,5,3,4,4,1,4,2,4,2,2,4,2,4,4,3,3,5,4,3,3,4,3,3,2,2,3,5,2,3,2,4,1,3,2,1,2,2,2,3,2,3,4
"220",251,5,4,4,2,4,5,4,4,4,4,5,4,3,4,4,4,4,4,5,4,4,5,2,4,4,4,2,2,4,4,5,2,5,2,5,2,2,2,2,3,5,1,5,1,3,2,4,1,5,1,1,4,1,1,5,5,3,5,3,4,4,4,2,3,4,4,4,4,3,3,5,5,2,1,5
"221",214,4,2,4,4,4,2,2,4,2,4,5,5,5,5,4,5,2,5,1,2,4,5,4,1,4,5,4,4,2,5,2,1,5,1,4,4,1,5,4,1,4,1,5,2,1,4,1,4,1,5,5,1,4,4,5,2,1,1,1,2,1,5,5,2,5,5,4,1,2,1,1,2,5,1,4
"222",252,5,2,4,5,5,4,4,4,5,2,2,4,5,4,4,5,5,1,4,1,2,5,4,4,5,2,5,4,5,5,1,1,5,4,4,2,1,5,5,5,1,2,4,4,5,4,5,4,4,1,1,5,4,4,5,2,5,5,4,5,1,5,5,5,1,3,1,5,5,2,4,4,5,5,5
"223",241,4,2,4,4,2,2,4,5,4,2,1,4,4,4,1,5,2,1,2,5,4,4,2,1,5,4,2,1,4,5,4,2,4,5,4,4,1,2,5,4,4,1,4,4,4,4,4,5,4,4,2,2,4,4,4,2,2,5,5,4,1,5,5,5,4,5,1,4,5,4,4,2,1,5,5
"224",216,5,5,5,4,4,5,5,5,5,5,4,4,4,5,1,5,4,2,3,4,2,4,4,2,5,2,4,4,2,5,4,2,5,2,4,4,2,2,5,5,2,2,5,2,2,3,4,5,2,4,2,2,3,5,4,5,5,5,2,3,2,5,5,5,2,4,4,2,4,1,2,3,2,5,5
"225",231,5,5,2,2,5,4,2,2,2,4,5,5,5,2,4,5,5,5,1,5,5,4,5,1,5,5,5,5,1,5,5,4,5,1,2,5,4,5,4,4,1,4,5,2,5,4,2,1,1,5,2,2,5,2,5,4,5,1,2,5,4,5,4,5,5,3,2,4,5,5,1,4,5,4,5
"226",171,5,4,5,4,4,4,4,4,5,4,4,4,4,2,2,4,5,4,1,1,4,4,4,4,4,4,1,4,2,4,5,1,2,4,4,1,4,2,2,4,4,4,2,1,4,4,4,4,4,5,2,4,2,1,4,2,4,4,2,4,4,4,2,4,4,5,2,5,5,4,4,4,2,4,4
"227",249,5,5,5,2,4,1,1,5,4,5,5,5,5,2,4,4,4,4,1,1,5,5,5,2,4,4,4,4,2,4,5,2,5,2,5,1,4,5,2,4,4,1,5,2,2,5,2,4,1,5,2,4,2,2,4,1,5,4,1,5,2,4,5,4,5,5,2,2,1,1,5,4,5,1,1
"228",200,4,5,3,4,5,2,5,4,4,4,5,4,3,4,4,5,2,5,3,4,4,4,4,4,5,4,4,4,3,4,5,4,4,4,4,5,5,4,5,3,5,3,4,2,3,3,4,4,3,3,4,3,4,4,4,4,3,2,2,5,4,5,3,4,4,5,4,4,4,4,4,4,4,3,5
"229",207,5,5,5,2,5,4,4,4,4,4,4,5,4,2,4,4,4,4,2,4,4,4,4,2,4,4,4,4,2,4,4,2,4,2,4,4,4,4,4,4,4,2,4,2,4,4,4,2,3,4,2,4,4,4,4,4,4,4,2,4,2,4,5,2,4,4,4,4,4,2,4,4,4,1,5
"230",250,4,5,5,4,4,2,4,4,4,4,1,2,5,4,4,5,4,5,2,5,5,4,4,1,5,5,4,4,2,5,4,2,5,2,4,4,5,4,4,2,1,2,4,4,5,2,4,5,4,4,1,2,5,1,5,1,4,4,1,5,4,5,4,5,5,4,4,4,5,4,3,4,2,4,4
"231",165,4,4,4,1,4,2,3,4,2,5,4,4,2,2,5,2,3,5,1,3,4,4,5,2,2,4,4,4,2,5,3,3,4,1,5,4,4,5,3,5,1,5,5,2,5,3,3,5,2,5,3,4,3,1,5,1,4,2,2,4,2,5,3,2,4,3,4,1,2,4,1,4,1,2,4
"232",230,5,4,5,3,4,5,5,2,1,1,5,4,2,1,3,5,3,5,3,2,4,4,1,1,5,5,1,1,1,5,5,4,4,1,5,4,4,5,1,1,1,2,4,1,5,5,5,1,1,5,1,5,5,5,1,1,5,5,1,1,3,3,5,1,2,5,4,5,2,1,5,3,5,1,4
"233",213,5,4,2,1,4,2,2,2,1,1,1,2,4,2,4,2,4,5,2,4,5,2,4,1,4,5,5,4,1,4,4,1,5,4,5,1,5,2,4,4,4,4,4,2,4,5,2,4,1,5,2,4,2,4,2,4,5,2,1,5,4,4,5,5,5,5,4,2,4,4,2,4,4,4,4
"234",253,4,1,1,5,5,2,3,2,5,1,2,2,1,5,5,5,1,5,5,1,5,5,1,1,1,3,5,1,1,5,2,1,5,5,3,1,1,5,5,5,1,5,5,3,5,5,3,3,5,5,5,5,5,5,2,2,5,1,3,5,3,5,2,5,4,2,5,1,5,5,5,3,5,3,5
"235",255,4,1,2,2,2,2,1,2,2,2,4,2,4,1,2,5,2,4,2,5,4,4,2,2,5,4,5,2,4,5,1,1,4,5,4,1,2,4,5,5,1,2,2,5,5,1,5,5,4,1,4,4,4,4,2,1,4,2,5,5,2,5,2,5,5,2,1,2,5,2,2,5,2,4,5
"236",192,1,5,5,2,5,5,5,5,2,5,5,2,5,2,4,5,5,5,4,2,5,5,4,2,5,5,2,1,5,5,2,2,5,4,5,1,5,3,5,5,2,2,5,2,5,5,2,3,2,2,4,5,5,4,5,4,2,3,2,4,5,5,5,5,2,5,5,5,3,1,5,4,5,2,5
"237",256,5,4,2,5,5,5,5,4,2,5,5,4,4,4,4,4,1,2,4,5,5,5,4,2,5,5,5,5,4,4,5,5,5,1,5,5,5,5,1,5,5,5,4,2,5,5,4,2,4,4,1,5,1,5,5,4,5,4,2,5,5,5,4,4,5,5,4,5,2,1,4,2,4,2,5
"238",146,2,4,5,2,4,2,4,5,4,4,4,4,4,2,2,4,2,4,3,2,4,4,4,2,4,4,5,2,4,4,4,4,4,2,4,4,4,4,4,4,2,2,4,4,4,4,4,4,2,4,2,4,4,4,4,2,5,4,3,4,2,4,4,2,4,4,4,4,2,4,3,3,3,1,4
"239",258,5,4,5,1,5,3,1,5,1,3,5,3,5,1,5,3,1,5,1,1,5,5,5,1,5,5,5,5,1,3,5,5,5,1,5,1,5,5,5,5,3,1,5,2,5,5,5,1,2,5,2,5,5,3,3,5,5,3,1,5,3,5,5,3,5,5,3,5,1,3,3,3,5,2,5
"240",233,5,2,4,2,4,4,4,4,4,4,4,2,2,4,2,4,4,2,4,1,2,4,2,2,2,2,2,2,4,2,4,2,4,4,2,2,4,5,5,5,2,2,2,4,2,4,2,4,4,2,4,2,2,1,4,4,4,4,2,2,4,4,1,5,1,2,2,4,2,1,4,2,4,1,4
"241",259,4,5,5,4,5,5,5,5,3,4,5,5,5,3,3,3,5,3,2,3,4,5,4,3,4,3,4,5,3,3,4,4,5,2,4,5,5,5,3,4,5,3,5,2,4,3,4,1,3,5,5,5,5,5,5,5,5,3,3,3,3,5,2,4,3,4,5,3,4,4,3,3,5,1,4
"242",257,4,3,5,3,4,3,5,3,5,1,5,5,5,5,3,5,3,3,5,5,1,5,3,1,5,3,5,5,5,3,5,3,5,5,5,5,5,3,3,5,5,5,5,4,5,3,5,5,5,3,1,5,5,1,5,1,5,5,5,3,3,5,5,5,1,5,5,1,1,1,1,5,5,1,1
"243",260,2,5,4,1,5,1,3,1,1,5,5,1,5,3,5,5,2,5,1,5,4,5,5,1,4,5,5,5,1,4,5,1,5,1,5,1,5,5,1,5,5,3,5,1,5,3,5,1,1,5,5,1,5,5,2,1,3,5,1,5,4,3,1,1,5,5,5,1,5,5,5,1,5,1,5
"244",261,4,5,4,5,5,2,4,3,5,1,5,2,5,5,3,5,2,3,4,2,5,4,5,4,5,5,2,4,1,3,5,5,5,5,5,5,5,5,5,4,5,2,5,4,2,4,5,4,4,3,2,3,2,2,4,4,1,1,4,1,3,5,1,5,4,5,5,1,5,2,5,3,2,5,5
"245",264,4,5,5,5,2,3,3,4,5,5,5,4,2,5,5,4,4,3,5,4,2,5,2,5,5,3,5,3,5,5,1,1,3,5,4,3,4,4,5,5,1,1,5,5,4,3,2,4,5,4,4,4,2,5,4,1,5,5,5,5,2,2,4,5,3,3,4,4,5,3,2,3,5,5,5
"246",266,5,5,5,4,5,5,5,5,3,4,5,5,4,4,3,3,4,4,3,5,4,5,4,1,5,4,5,4,1,5,5,1,5,1,5,1,5,1,5,5,1,1,5,5,1,3,5,1,1,5,1,5,5,3,3,1,5,1,2,3,3,5,5,5,5,5,5,2,5,1,2,1,5,3,5
"247",267,5,5,5,4,5,4,5,4,2,4,5,4,4,1,4,5,2,5,1,5,5,4,5,1,5,5,4,5,1,5,4,4,5,2,5,5,4,5,2,4,2,1,5,2,4,5,4,4,4,5,5,4,4,5,5,2,5,4,4,4,1,5,1,4,5,5,5,2,2,1,5,3,1,1,5
"248",268,4,5,3,4,4,1,4,3,4,3,2,4,3,5,4,5,5,3,2,1,4,4,5,3,5,4,3,5,2,4,2,2,5,2,4,4,5,4,3,5,4,2,5,4,2,2,4,2,3,1,2,4,2,3,4,2,3,4,2,4,2,5,2,4,3,4,4,2,3,1,3,2,5,5,5
"249",270,2,5,5,3,5,4,5,5,4,5,5,4,4,4,3,3,4,4,4,5,4,5,5,3,4,3,4,5,4,4,3,4,5,5,5,1,5,5,5,4,3,4,5,4,4,3,5,4,3,5,3,5,4,4,4,2,4,3,2,3,2,5,4,5,4,5,5,1,2,1,1,3,5,4,4
"250",271,5,3,1,5,3,1,1,1,5,3,1,3,5,3,1,3,1,1,5,5,1,3,1,1,5,1,5,1,3,5,3,1,3,5,3,1,3,1,3,5,3,3,5,3,4,1,1,5,5,3,1,3,1,3,1,2,1,3,5,1,1,5,5,5,3,1,1,3,5,3,1,3,1,3,3
"251",272,4,5,3,5,4,2,1,2,5,5,3,5,5,5,5,5,5,5,1,5,5,4,4,1,5,5,3,4,5,5,1,1,5,5,5,2,5,5,5,3,4,1,4,3,3,4,4,2,1,1,5,4,1,4,5,5,5,1,5,4,3,4,2,5,3,5,1,3,5,2,2,3,1,5,5
"252",274,1,1,2,5,2,5,1,1,5,1,2,1,1,5,5,3,2,2,4,5,1,4,1,5,5,4,5,2,5,2,1,5,1,4,1,5,1,1,2,5,5,5,1,5,5,4,1,5,5,1,5,1,1,4,4,5,1,1,5,5,3,1,1,4,2,1,5,2,5,5,5,3,1,5,1
"253",275,4,5,2,2,4,4,5,3,4,4,4,5,4,4,3,5,5,2,3,2,5,5,5,3,5,5,5,4,2,4,5,1,5,4,3,5,5,4,4,5,5,4,4,4,5,4,5,2,3,4,2,5,4,2,5,5,4,4,1,5,3,5,4,5,3,5,5,2,5,1,3,5,4,5,4
"254",277,2,5,1,4,4,2,5,1,5,5,2,5,4,5,5,4,4,4,5,4,3,4,4,2,5,4,2,5,4,4,5,5,5,1,2,1,1,5,4,4,2,1,4,4,4,2,4,2,2,4,2,4,3,2,5,4,5,2,2,5,2,5,2,5,4,4,4,5,5,1,2,3,2,5,5
"255",276,5,5,1,2,5,5,5,1,4,5,5,4,3,4,3,3,3,5,4,5,4,4,5,5,5,3,3,3,1,5,4,5,4,3,5,5,3,5,2,3,4,3,5,3,5,5,5,5,2,5,1,5,2,2,5,5,5,3,3,5,5,5,4,5,3,5,4,3,5,5,5,2,5,5,5
"256",279,1,2,2,3,2,1,2,2,4,3,2,2,2,4,2,2,4,2,3,4,1,3,2,4,5,1,5,2,4,3,1,1,3,5,3,1,5,3,4,1,1,2,3,2,4,4,2,4,5,4,1,1,4,5,4,4,3,4,5,2,1,4,4,2,4,3,3,3,2,3,1,3,4,2,4
"257",280,1,2,2,1,4,1,1,2,1,5,4,1,1,2,5,3,1,1,1,5,2,1,3,1,5,1,3,1,1,5,4,3,3,1,4,1,5,5,4,1,5,2,4,3,3,3,4,1,1,5,5,3,5,2,4,5,3,5,1,4,3,4,5,4,3,5,1,1,3,4,4,2,2,1,5
"258",281,3,5,4,3,5,4,5,1,5,4,3,5,4,4,5,5,4,5,3,5,5,5,5,5,5,5,5,5,4,4,1,3,5,4,5,1,5,5,5,4,2,4,5,3,5,4,4,2,3,5,5,5,4,5,5,1,5,1,1,5,2,3,5,4,4,5,5,5,4,1,1,3,3,5,5
"259",282,4,5,5,5,5,1,5,5,5,3,2,5,5,5,2,5,5,5,1,5,5,5,5,1,5,5,5,5,5,5,1,1,5,5,1,5,5,1,2,5,1,3,2,5,4,2,1,4,4,5,1,5,1,5,5,5,5,4,1,5,5,4,4,5,1,1,5,1,1,1,5,1,5,4,1
"260",284,4,5,3,5,4,3,5,4,4,4,3,3,3,5,3,3,3,4,5,5,2,5,5,5,5,2,5,5,5,4,2,2,5,4,2,4,5,2,5,5,3,2,5,4,2,3,4,4,4,4,2,5,4,4,4,3,4,2,4,4,2,5,2,5,5,3,5,5,5,1,1,4,2,3,5
"261",285,4,4,2,4,2,2,4,2,5,4,3,4,2,5,3,3,4,2,5,5,4,5,2,4,5,3,4,3,3,4,4,2,4,4,3,4,5,2,5,4,4,3,2,4,1,3,4,3,5,3,1,3,2,4,3,5,5,3,2,4,2,3,2,5,4,4,4,2,5,1,2,4,2,5,3
"262",286,5,5,4,4,5,3,5,3,5,5,4,5,4,5,3,5,5,4,4,5,2,5,3,4,5,4,5,2,5,4,2,2,3,4,5,5,5,5,5,5,5,1,5,4,4,5,5,5,5,5,2,5,5,5,5,5,5,5,5,5,5,5,4,5,5,1,5,5,4,3,4,1,1,5,5
"263",287,5,5,3,4,5,3,5,5,4,5,5,2,4,5,2,5,4,3,3,2,3,5,5,4,1,2,5,5,3,5,4,1,5,1,2,5,5,3,4,5,5,3,5,3,4,5,4,2,4,2,4,4,3,2,3,5,5,3,1,5,5,5,5,5,4,5,5,3,2,1,4,3,3,4,5
"264",288,5,3,3,2,4,3,1,2,2,4,4,2,3,1,3,4,2,4,1,2,4,4,3,2,1,4,2,2,2,4,4,1,3,3,5,1,4,4,4,4,5,1,3,2,2,3,1,4,1,5,4,1,1,2,1,5,4,5,1,1,3,2,4,2,3,5,1,3,2,4,4,4,1,2,3
"265",289,3,5,1,5,4,4,5,1,5,5,5,5,2,5,2,3,3,2,5,5,3,4,3,1,5,3,5,1,1,5,5,3,3,3,4,5,4,2,4,4,5,4,3,2,3,3,5,1,3,5,3,5,3,5,5,5,5,5,4,5,3,2,3,5,5,2,5,5,5,5,5,5,1,5,5
"266",290,1,5,4,2,5,3,5,4,3,4,3,3,3,4,3,5,4,3,3,2,4,5,3,1,5,3,5,2,4,4,2,5,4,3,4,4,5,3,2,5,5,4,4,2,5,3,3,1,4,5,2,5,3,4,5,5,4,2,2,5,5,5,4,5,4,4,5,3,5,3,5,5,3,2,4
"267",291,4,5,2,2,5,2,3,2,5,4,5,4,1,5,5,3,4,4,4,4,3,4,4,5,4,3,2,4,4,5,4,1,5,4,4,1,5,5,4,5,4,1,4,4,4,4,3,4,3,4,2,4,4,4,4,5,2,2,3,4,2,5,4,5,4,5,4,2,5,4,2,4,3,5,4
"268",292,5,5,5,4,4,3,3,4,3,4,5,5,5,2,5,5,1,5,3,1,5,1,5,2,1,5,5,5,1,2,5,2,5,3,5,3,1,5,2,4,2,1,5,2,1,5,1,5,1,3,1,1,5,1,3,1,4,5,2,3,3,3,5,5,4,5,1,5,4,4,5,3,4,2,5
"269",293,5,5,5,4,5,2,5,4,4,4,3,3,4,4,1,5,4,4,3,3,4,5,5,1,5,4,1,5,2,2,5,5,5,4,5,5,1,4,4,1,4,4,5,2,2,4,4,1,4,5,4,5,5,4,5,4,5,5,1,4,2,5,5,5,4,5,5,4,2,1,1,5,5,4,5
"270",294,4,5,5,4,5,2,4,3,5,5,3,4,2,5,5,5,2,5,4,5,5,5,4,3,5,5,1,4,1,5,5,1,5,2,5,5,5,5,4,1,4,2,4,3,3,4,4,2,2,4,2,4,4,4,4,4,4,1,2,4,3,5,3,4,4,5,4,4,4,4,2,4,5,4,4
"271",295,5,4,3,5,1,4,4,5,5,2,1,5,5,5,2,3,4,2,5,5,1,5,5,5,5,2,2,5,5,5,2,1,4,5,5,1,2,3,5,3,1,1,2,5,5,4,4,5,5,5,2,3,4,5,3,1,5,5,5,5,2,5,5,5,2,3,5,5,5,2,1,4,2,4,5
"272",297,4,5,4,3,4,5,4,4,4,2,4,2,4,5,3,4,3,2,3,5,5,4,4,1,4,4,3,4,1,5,5,4,5,5,5,5,5,4,5,5,3,3,4,4,5,3,3,4,2,5,2,4,2,2,5,5,4,3,5,5,5,4,4,5,3,5,2,4,5,1,3,3,4,5,4
"273",296,4,2,2,3,5,4,1,3,2,3,4,2,4,2,4,5,2,5,3,5,5,2,4,2,5,5,2,4,3,4,2,2,5,2,4,2,2,4,1,4,3,2,5,2,2,4,2,4,2,3,2,2,4,4,4,2,3,4,2,5,3,4,4,2,4,4,2,4,2,4,4,3,4,4,4
"274",299,4,5,3,3,3,3,3,2,5,5,5,4,5,5,5,4,3,3,3,4,4,3,3,3,5,3,3,3,2,5,3,3,3,3,4,4,4,4,4,4,4,2,3,4,4,3,3,2,4,2,4,3,1,2,4,5,4,2,4,4,3,4,3,5,4,4,4,2,4,3,4,4,3,4,4
"275",300,5,4,5,2,5,5,3,3,2,5,5,1,5,1,3,5,2,5,3,2,5,2,5,2,4,5,3,3,1,4,4,3,5,1,5,4,5,5,3,5,3,1,5,2,5,5,5,1,1,3,4,4,3,2,2,5,3,1,2,5,3,4,4,3,5,5,2,3,2,3,4,1,5,2,5
"276",301,4,4,3,3,3,1,4,1,4,5,5,1,2,3,2,4,2,4,3,5,5,5,3,3,4,4,4,2,1,5,4,1,1,4,4,2,5,2,2,5,5,1,3,4,3,5,2,3,2,4,1,4,2,3,5,3,4,1,5,2,3,5,2,5,5,5,2,4,5,1,1,3,3,4,4
"277",303,4,2,4,1,4,3,5,4,4,5,4,2,4,4,4,4,4,3,2,1,3,4,4,1,3,2,5,2,4,5,4,3,4,4,4,5,4,3,4,5,4,3,3,4,5,4,5,4,3,2,4,2,3,3,4,4,5,3,5,4,3,5,3,3,1,3,4,3,2,3,3,3,2,1,4
"278",304,3,1,2,5,3,4,1,4,5,2,5,5,4,5,3,5,3,5,5,1,4,2,5,4,2,5,5,5,5,4,2,1,5,5,4,1,1,5,5,4,1,2,5,4,1,3,4,4,4,2,2,2,4,5,4,1,5,1,3,2,2,5,4,5,3,5,2,1,5,2,3,3,5,5,4
"279",306,4,5,3,3,5,2,3,4,4,4,4,2,3,3,3,3,2,4,2,3,5,5,4,1,3,3,1,4,3,5,5,3,5,5,5,5,3,5,5,5,5,5,5,4,5,3,3,1,3,5,5,4,1,1,3,5,2,3,2,4,3,4,2,4,4,5,5,3,5,5,5,5,2,5,5
"280",307,5,5,5,3,4,4,5,5,5,4,5,5,5,4,2,5,1,5,1,5,3,5,4,5,5,4,5,5,4,5,5,5,4,4,5,5,5,5,4,5,5,4,5,5,5,3,5,5,5,5,5,5,1,5,5,5,5,4,5,5,5,5,5,5,1,5,5,1,4,1,4,5,4,4,5
"281",308,4,5,2,2,5,1,5,3,4,4,4,2,2,4,5,5,4,4,2,5,4,4,3,2,5,3,4,2,2,4,5,4,4,4,5,5,4,2,4,5,4,3,4,3,4,3,5,2,2,4,4,4,1,2,5,3,4,1,2,5,4,5,1,4,4,5,5,4,4,4,3,5,2,2,5
"282",309,4,5,4,4,5,3,5,5,4,5,3,5,5,5,4,3,4,5,3,2,4,5,5,5,4,4,5,4,3,3,4,3,4,4,4,5,3,4,4,4,5,3,5,4,3,3,5,5,2,4,3,5,4,5,5,3,5,1,1,4,3,5,5,5,3,5,5,5,3,2,3,3,5,4,5
"283",311,5,4,4,1,5,3,4,3,2,1,1,4,4,2,4,5,2,5,1,5,5,5,5,1,5,5,1,5,1,4,5,1,5,1,5,1,2,5,4,2,5,1,5,1,5,5,5,5,3,4,2,5,5,3,5,5,5,4,1,4,5,4,5,2,3,4,4,4,1,1,1,3,5,1,5
"284",313,2,4,1,3,4,2,2,2,4,3,3,5,2,5,3,5,4,2,2,5,2,2,2,3,5,1,5,1,1,4,4,2,2,4,2,2,4,1,4,4,1,1,2,2,2,3,1,2,4,2,2,2,2,4,3,2,3,3,3,4,3,4,2,2,3,4,2,1,4,4,4,3,1,4,5
"285",314,5,4,5,5,4,2,5,5,5,3,5,5,5,4,3,5,5,4,5,5,4,3,4,4,5,5,5,4,2,5,5,3,4,5,4,5,5,3,5,4,4,3,5,5,5,5,3,3,4,5,2,3,2,5,4,5,5,4,3,5,3,5,4,5,2,3,5,4,4,3,3,4,3,4,4
"286",315,5,1,5,1,4,4,1,5,1,5,5,2,1,1,4,5,1,5,1,5,4,2,4,1,5,4,3,5,1,5,5,1,5,1,5,5,4,5,1,2,5,1,5,1,3,2,1,2,1,1,5,2,5,2,2,5,2,1,1,1,5,5,2,5,5,5,1,2,5,5,5,3,4,1,5
"287",317,4,1,2,5,4,1,1,1,5,5,5,1,1,4,1,5,1,5,4,1,5,5,4,2,5,5,1,5,4,5,2,1,2,4,5,4,1,5,5,5,2,1,4,5,5,1,1,2,4,2,5,2,2,2,4,4,5,5,5,2,5,5,4,5,5,2,2,4,5,5,5,4,5,4,5
"288",319,2,4,2,4,5,3,2,2,4,5,4,1,1,4,4,5,2,4,4,2,5,4,4,2,1,4,4,4,2,2,4,2,5,4,4,5,2,4,4,4,4,2,5,5,3,3,3,4,2,4,3,3,1,3,5,2,4,4,3,3,3,5,4,5,4,5,3,3,5,4,4,4,5,4,5
"289",325,3,5,1,2,3,1,5,1,3,3,3,3,3,4,3,3,3,3,4,5,3,5,3,3,5,4,5,4,1,4,5,4,5,3,3,5,5,3,5,4,4,3,5,4,4,4,5,3,2,3,3,4,2,3,5,4,4,4,3,5,3,5,2,4,4,5,4,2,3,3,3,3,1,3,4
"290",329,4,5,3,4,5,3,5,1,5,5,4,5,4,3,5,5,3,2,4,5,4,3,2,1,5,3,2,3,4,5,5,5,4,1,3,4,3,2,4,5,5,1,4,3,5,2,3,5,5,4,3,5,1,4,5,5,5,1,3,5,3,4,1,5,5,3,4,3,5,5,1,4,1,4,5
"291",330,5,5,5,5,2,5,5,4,5,3,5,2,3,5,5,5,2,5,5,5,5,5,4,3,5,5,4,3,3,5,4,4,5,5,4,4,4,4,5,5,4,2,4,5,4,5,5,2,5,2,4,2,3,4,4,3,4,5,5,5,3,5,2,5,5,5,5,4,5,2,1,1,2,5,5
"292",333,4,4,2,2,4,1,1,1,3,4,2,2,2,1,3,2,4,4,1,1,4,4,3,1,5,4,3,4,1,5,5,1,4,4,4,5,1,2,4,5,4,2,2,2,4,1,1,1,4,4,1,3,4,4,5,5,5,5,1,5,3,5,5,1,4,2,2,1,2,2,1,5,1,1,5
"293",335,4,3,5,2,4,3,5,5,5,2,4,5,4,5,1,5,4,4,1,3,4,5,4,3,5,3,2,1,4,2,4,2,4,5,4,5,5,5,2,1,3,2,4,1,2,5,5,1,2,4,2,3,2,2,3,1,4,1,4,3,2,5,1,1,2,5,2,2,2,4,4,2,1,2,5
"294",318,3,4,4,3,4,5,4,4,4,3,4,2,4,3,3,5,1,5,4,5,4,4,5,3,3,4,1,5,1,5,4,3,5,3,5,4,5,5,5,5,1,1,5,5,5,1,4,5,3,5,1,3,1,5,5,2,5,5,3,5,3,5,5,5,2,3,4,5,3,3,4,3,5,5,5
"295",337,4,2,3,4,2,2,2,2,3,5,3,2,2,4,2,3,2,2,4,4,4,2,3,2,5,2,2,1,5,4,1,1,2,5,5,2,2,4,5,4,2,2,4,4,4,5,4,2,5,1,2,3,2,3,4,1,4,5,5,5,1,5,4,4,4,2,4,4,4,1,1,2,2,5,5
"296",338,5,4,5,3,3,3,4,5,4,5,5,4,4,1,4,3,1,4,2,2,2,4,4,4,2,4,4,4,5,4,3,4,5,3,5,4,5,5,3,3,1,1,5,2,1,5,1,5,4,5,5,4,5,5,2,1,3,2,1,5,1,5,5,5,3,4,2,2,3,3,2,5,5,2,4
"297",339,5,5,5,4,5,3,1,5,3,1,5,3,5,2,5,5,1,5,5,5,4,5,5,2,5,5,1,5,4,5,5,1,4,1,4,1,1,5,5,5,2,2,4,4,4,5,4,5,3,5,3,5,1,5,3,1,4,2,4,5,2,5,5,5,4,5,5,4,4,2,3,2,4,3,5
"298",341,4,4,1,2,5,4,5,4,5,5,4,5,4,5,4,5,5,4,5,5,3,5,4,5,5,4,1,5,5,5,4,3,4,5,4,5,1,4,5,5,1,1,5,5,1,5,5,4,3,3,1,5,1,5,4,5,5,5,3,5,3,5,3,5,3,1,5,3,5,1,3,3,4,5,5
"299",342,4,4,5,3,3,4,1,5,2,5,1,2,4,1,4,5,2,5,4,1,5,4,5,2,3,5,1,5,1,5,3,1,5,3,5,1,3,5,4,5,1,1,5,3,2,5,2,2,3,1,5,1,5,1,5,1,5,5,2,4,2,1,4,5,2,3,5,2,5,1,1,4,4,3,5
"300",343,3,5,4,4,3,3,3,3,4,4,4,4,4,3,4,5,3,4,2,2,4,4,4,3,2,5,3,5,3,4,3,3,5,3,3,3,4,5,3,3,2,2,5,2,4,3,4,5,1,5,3,3,5,5,2,1,4,3,1,3,3,4,5,4,3,3,3,4,3,3,2,3,5,3,5
"301",344,4,4,2,1,5,3,2,3,2,2,5,3,2,1,3,3,2,4,3,4,4,4,2,2,4,4,3,3,1,5,5,4,3,2,5,5,5,2,4,5,5,2,3,4,5,3,3,4,3,5,3,4,5,3,5,5,5,4,1,5,4,5,5,5,5,5,5,2,5,5,3,4,2,1,5
"302",345,5,3,4,3,5,4,5,4,4,4,4,3,4,5,4,5,4,4,3,5,5,5,5,2,4,4,2,4,3,5,3,3,4,3,5,3,3,4,3,5,2,3,4,2,5,3,4,2,2,2,2,4,4,3,5,3,4,2,3,5,3,5,4,5,3,4,4,4,2,2,4,3,4,2,5
"303",346,4,5,4,5,4,5,5,5,5,3,4,1,2,5,3,5,5,1,5,5,3,5,2,5,5,3,5,1,5,5,4,1,5,5,3,3,5,3,5,3,5,1,3,5,3,1,5,5,5,1,1,5,3,5,5,5,5,5,5,5,1,5,5,5,3,5,5,5,5,1,1,5,3,5,3
"304",347,4,5,3,2,5,2,5,1,3,5,4,5,3,4,4,4,5,3,4,4,4,3,3,2,4,4,5,4,2,4,5,2,3,4,3,4,5,2,4,5,5,3,3,3,4,5,4,2,3,4,3,2,1,5,5,4,5,4,3,5,3,4,5,4,4,3,4,1,4,3,5,3,2,4,5
"305",348,4,5,4,3,4,2,5,4,2,3,3,4,4,2,3,3,4,4,2,2,4,4,4,2,5,3,4,4,2,4,2,1,4,2,3,2,5,2,2,3,3,2,3,2,3,3,3,2,2,4,2,5,5,4,4,2,4,3,3,1,3,5,4,1,2,3,5,4,1,1,1,3,4,2,5
"306",349,5,4,2,4,5,4,5,4,5,2,5,5,1,5,2,4,1,2,1,1,2,5,5,1,5,2,1,4,4,5,4,1,1,4,5,5,2,2,4,2,2,2,4,4,5,3,4,5,5,1,1,2,1,2,5,1,4,5,5,4,2,5,5,4,5,3,1,5,4,4,5,4,4,3,5
"307",352,2,5,4,4,2,3,4,3,1,4,3,4,2,5,3,4,4,4,4,5,3,4,4,3,5,4,5,4,5,5,4,3,4,5,5,4,4,4,5,5,3,3,4,4,4,4,4,4,4,4,2,4,5,4,5,2,4,2,3,5,2,3,4,5,3,4,4,3,5,2,3,3,3,4,4
"308",353,5,4,2,1,4,5,2,2,2,4,4,2,5,4,5,5,1,4,2,1,4,5,4,1,2,4,2,4,1,4,5,2,5,3,5,1,2,4,5,4,4,2,5,3,1,2,2,5,2,2,1,2,4,2,4,2,5,5,4,2,4,5,5,5,5,5,3,1,5,3,5,4,1,4,5
"309",354,5,3,3,5,5,5,3,1,5,4,4,2,4,5,4,2,3,3,4,4,3,3,3,4,5,4,4,3,4,4,5,4,4,5,4,4,4,3,5,4,4,2,3,4,2,3,3,4,3,1,3,3,1,5,4,4,3,2,3,3,3,4,2,5,4,4,3,3,5,4,2,3,3,4,5
"310",355,5,2,2,2,3,2,2,1,4,3,2,2,2,3,2,4,3,2,4,4,2,4,3,2,4,2,4,2,4,2,5,1,5,5,1,1,1,4,5,5,4,3,1,3,4,5,3,3,3,4,4,4,1,1,1,1,1,3,4,2,2,2,2,2,2,2,4,4,4,4,3,5,3,3,3
"311",358,5,2,3,4,4,4,2,2,4,4,5,2,4,4,2,5,4,5,3,5,5,3,4,1,5,5,1,5,5,5,2,1,5,5,5,2,2,5,4,4,3,2,4,4,5,4,3,1,2,4,3,4,2,4,4,4,4,2,3,4,3,4,3,4,1,5,2,3,4,2,5,3,5,3,5
"312",359,4,4,4,5,4,5,4,2,4,3,5,2,4,4,5,5,2,5,5,5,5,4,4,3,5,5,3,4,4,5,4,2,5,4,5,4,4,5,5,5,4,2,4,5,5,3,3,4,4,2,5,5,1,4,4,5,5,5,5,5,3,4,3,5,5,4,3,3,5,5,5,4,5,4,5
"313",362,2,4,4,5,4,1,5,4,4,5,5,5,2,2,1,3,5,1,5,5,4,5,2,2,5,4,5,3,5,5,4,1,5,5,5,5,5,5,5,5,3,4,4,4,5,4,5,5,1,5,1,4,5,3,5,5,5,5,5,2,3,5,5,2,2,5,5,3,2,1,4,5,2,1,1
"314",363,5,4,4,3,5,4,4,4,4,4,5,5,3,5,3,4,4,4,3,1,3,4,5,4,4,3,4,5,2,5,3,1,5,5,5,3,5,4,5,5,5,3,4,4,5,3,4,4,3,3,3,5,4,4,4,5,4,4,4,5,2,4,4,5,3,4,5,4,4,3,3,3,3,5,5
"315",365,5,5,5,4,4,1,5,2,2,5,5,5,2,2,2,5,5,4,2,5,4,5,5,2,5,4,1,5,1,5,5,5,4,2,4,4,5,2,1,5,5,4,4,2,4,4,4,1,2,4,4,4,4,4,2,5,5,5,2,5,5,4,2,2,4,5,5,1,1,1,5,3,1,1,5
"316",366,4,4,3,2,4,2,5,3,3,3,2,5,2,2,3,3,4,4,1,4,2,3,3,1,5,3,4,4,4,4,2,2,3,4,2,2,4,3,2,3,3,2,4,3,3,3,4,2,4,3,3,4,1,2,4,3,5,3,4,4,4,4,2,3,2,3,4,3,2,4,4,5,3,4,4
"317",367,2,4,4,4,5,5,5,3,2,5,5,4,4,5,4,5,5,5,5,1,5,5,5,4,4,5,5,5,4,4,4,1,5,3,4,1,5,2,5,1,1,1,5,3,5,1,5,1,1,5,1,5,5,1,5,2,4,5,1,5,3,5,4,4,4,3,4,4,3,1,1,4,5,3,5
"318",368,4,5,5,5,4,3,5,5,5,3,3,2,5,5,2,5,3,5,5,5,3,4,5,4,5,4,5,5,3,4,1,1,5,5,5,4,2,5,5,4,5,2,5,4,1,2,3,2,5,1,1,3,1,4,4,3,2,5,5,5,3,5,3,5,5,4,5,5,5,1,5,3,5,5,5
"319",369,2,3,2,3,4,1,5,4,4,5,5,4,4,4,3,3,4,2,5,4,2,4,4,3,5,2,4,4,4,5,2,2,5,5,4,1,1,1,5,5,1,1,5,5,5,4,3,2,5,4,1,4,3,3,5,5,4,5,5,4,1,3,4,5,1,2,5,5,5,5,3,4,2,5,5
"320",370,3,1,4,2,4,4,1,3,1,3,4,2,4,1,5,5,1,5,1,1,5,1,5,1,2,5,1,5,1,5,3,1,4,1,5,2,5,5,3,5,3,1,5,1,1,3,1,1,1,5,1,1,5,1,1,3,3,5,1,3,3,3,5,1,1,3,2,5,2,3,3,5,3,1,3
"321",371,5,5,5,1,4,1,4,3,3,3,4,4,5,1,5,4,4,5,3,4,4,4,4,1,4,4,5,5,1,4,4,4,5,3,4,1,3,4,3,3,4,2,4,2,5,4,4,3,2,5,4,5,4,4,5,4,4,2,1,3,3,5,5,1,3,5,4,5,2,1,3,3,5,1,5
"322",372,3,5,5,3,3,4,3,5,3,4,1,3,4,5,4,5,2,4,3,3,4,4,4,3,4,4,3,4,3,3,3,2,5,3,5,2,3,4,4,3,4,3,4,3,4,4,4,4,2,2,3,4,2,3,5,4,4,4,2,3,3,4,4,4,4,4,3,4,4,3,3,3,4,4,4
"323",373,3,4,2,4,4,4,5,2,4,4,4,5,2,5,4,5,4,5,5,5,3,2,4,4,5,4,2,2,2,5,2,1,3,5,4,4,5,4,4,5,4,4,5,3,4,3,5,2,5,5,4,1,4,2,2,4,5,5,4,5,3,4,2,5,2,2,5,2,5,5,3,4,2,4,4
"324",374,1,4,5,5,5,5,4,4,5,2,2,5,5,3,4,4,3,2,4,1,2,2,5,5,2,2,3,5,4,5,1,2,5,5,4,3,4,5,5,5,1,2,5,5,5,2,4,4,5,4,1,5,5,5,1,3,4,2,3,5,2,5,5,3,2,3,4,4,1,4,1,4,3,2,5
"325",375,1,2,2,5,3,3,1,1,5,5,4,5,4,5,4,5,1,5,5,1,3,3,5,2,5,4,1,5,5,5,1,1,5,5,5,1,1,3,5,5,3,1,5,5,2,5,5,5,5,1,5,1,3,1,5,1,5,5,5,5,5,5,5,5,4,3,5,3,5,3,2,3,1,5,5
"326",376,4,5,5,4,4,1,4,4,5,5,2,5,4,4,2,5,5,5,4,1,2,1,5,4,4,3,4,5,4,1,1,1,5,3,4,2,2,4,2,1,1,1,5,3,2,3,2,2,4,5,2,2,5,4,4,1,5,2,5,1,2,5,3,5,1,3,3,4,5,3,3,3,5,2,4
"327",378,4,4,4,4,4,1,4,2,2,4,4,2,4,4,4,5,3,4,4,2,4,4,4,2,4,4,2,4,4,4,4,2,4,1,3,4,4,4,4,4,4,3,4,3,2,3,3,3,3,3,2,4,4,4,2,3,4,4,3,3,2,5,3,4,2,3,4,2,3,2,2,4,4,3,4
"328",379,3,5,3,5,5,3,5,3,5,3,5,5,5,5,1,5,1,5,5,5,5,4,5,3,5,5,5,3,5,5,3,3,5,3,4,4,2,5,5,5,4,4,5,5,5,4,5,1,4,1,4,3,3,5,5,5,5,3,3,5,1,5,3,5,5,4,4,1,5,3,3,4,5,5,5
"329",380,5,5,4,5,4,5,5,5,5,5,5,5,4,5,3,5,4,5,5,5,5,5,4,4,3,5,4,5,5,5,5,2,5,5,4,1,5,4,3,4,2,2,5,5,3,4,5,4,4,4,3,5,5,5,5,4,4,5,3,3,2,4,4,5,5,5,5,1,5,3,3,3,1,5,5
"330",382,4,4,1,5,4,1,4,3,4,4,2,4,5,4,4,4,4,2,4,5,3,4,5,2,5,4,5,4,2,5,4,2,5,5,4,2,2,2,5,5,3,2,4,4,4,2,4,4,2,4,2,4,4,3,4,5,5,5,2,5,2,5,5,5,4,5,4,4,5,2,4,3,2,5,5
"331",384,5,4,2,2,5,1,5,1,5,3,4,3,2,3,3,1,1,3,4,5,1,4,2,1,5,1,5,2,3,4,4,1,3,2,3,2,5,3,4,4,4,3,3,4,5,4,2,1,4,3,4,1,3,4,3,3,4,3,4,5,3,5,3,4,3,3,4,1,3,3,2,3,2,3,3
"332",385,2,5,2,5,4,4,5,3,5,4,3,5,3,4,3,3,3,4,3,2,3,4,4,2,5,2,5,5,1,5,3,2,2,2,5,1,4,3,5,5,3,4,5,4,5,1,5,4,3,5,2,2,2,5,5,1,5,5,4,4,3,5,2,5,3,5,5,1,5,2,5,3,1,5,5
"333",386,2,5,4,5,4,4,4,4,4,3,4,4,4,3,4,3,3,4,5,2,2,3,5,4,5,3,4,4,4,5,1,2,4,4,4,1,5,4,4,5,2,2,4,5,4,3,4,5,3,5,2,2,5,4,5,3,5,5,2,5,2,5,5,1,3,4,5,5,2,1,2,4,3,4,5
"334",388,5,3,3,3,3,4,4,3,4,3,5,5,4,5,3,5,4,4,4,3,4,4,5,2,5,5,4,4,3,4,4,2,4,3,4,2,2,4,5,4,3,3,3,5,4,4,5,4,3,2,4,3,3,4,4,3,4,4,4,4,3,5,4,4,4,5,4,4,4,3,3,3,3,2,5
"335",389,4,5,2,3,5,1,3,3,5,4,2,3,2,4,3,5,4,4,4,5,3,4,4,3,5,3,2,4,4,4,3,2,4,1,3,2,4,4,3,5,4,2,4,4,3,4,3,2,3,3,3,5,2,3,4,4,2,4,3,5,3,4,2,4,4,3,3,2,4,4,3,3,2,4,4
"336",390,4,4,3,5,5,5,5,4,5,5,5,5,5,5,4,5,3,5,3,5,4,5,4,3,5,3,5,4,3,5,5,5,5,2,5,5,5,3,5,5,5,3,3,2,2,4,5,3,4,1,5,3,3,4,5,5,5,5,2,3,2,5,2,5,5,3,5,5,5,5,5,4,4,1,5
"337",391,5,5,2,5,4,5,1,2,5,3,5,1,4,5,4,5,2,5,4,5,4,4,5,4,5,4,4,2,2,4,4,1,4,4,5,1,2,2,5,5,3,1,4,5,5,5,4,1,1,4,1,4,2,2,5,1,5,5,3,5,3,4,4,5,4,4,4,5,5,5,3,4,2,5,2
"338",166,2,4,2,4,4,2,4,2,5,5,1,2,4,4,2,2,5,2,5,4,2,5,2,1,4,2,5,4,5,5,2,1,4,4,5,1,5,4,5,5,4,1,5,4,5,1,5,5,5,1,1,5,1,5,5,4,5,5,2,4,3,5,2,5,3,5,5,1,1,1,4,5,1,5,5
"339",392,2,2,2,2,2,3,2,2,1,1,3,2,2,2,3,2,2,2,4,3,3,4,2,4,2,2,3,2,2,2,3,3,2,1,1,2,2,2,1,2,2,4,2,2,1,2,3,5,2,1,3,4,2,2,2,5,5,5,5,5,4,1,1,1,5,2,2,3,1,3,3,4,2,4,4
"340",393,4,5,5,2,5,3,5,4,3,3,3,5,5,2,4,5,4,4,3,5,5,5,5,3,5,4,3,5,3,4,5,3,5,4,5,5,5,5,4,4,3,4,5,3,5,3,4,3,3,4,3,4,5,4,4,4,4,4,4,4,3,5,5,5,5,5,5,5,5,5,5,5,3,3,3
"341",394,4,5,5,3,4,3,4,4,4,4,3,3,4,4,3,4,3,4,3,3,5,4,4,3,5,5,4,4,3,3,4,5,5,2,2,4,2,4,4,4,2,4,4,4,3,3,3,4,3,4,3,4,5,2,4,4,5,3,4,4,3,4,3,5,3,4,4,2,4,2,1,3,3,4,5
"342",395,4,5,4,5,4,2,4,5,3,4,3,5,2,1,2,3,4,3,3,2,2,4,5,5,5,3,4,5,5,5,1,2,4,4,3,2,2,3,5,5,1,2,4,4,4,3,4,4,4,4,2,4,5,3,3,2,2,4,3,4,2,3,4,5,2,3,5,3,2,4,3,4,2,2,5
"343",398,2,5,2,4,5,4,5,2,5,5,4,4,2,5,3,5,5,2,4,5,2,5,4,4,5,4,5,4,3,4,5,3,4,4,4,5,5,2,4,5,3,2,3,4,5,3,5,1,4,5,1,5,4,2,5,5,5,1,4,5,3,5,1,5,4,3,5,4,5,3,3,4,1,4,5
"344",399,3,5,5,4,4,3,4,4,1,4,3,3,5,3,3,3,3,4,3,5,4,5,2,2,5,3,3,3,4,5,4,3,4,2,3,5,3,3,3,5,4,2,3,1,4,5,3,2,1,3,1,2,1,3,3,2,3,2,1,5,1,3,2,1,4,3,5,3,1,1,3,3,1,3,1
"345",400,1,5,2,5,5,3,2,4,5,5,2,4,2,5,5,5,1,5,4,5,4,4,5,3,5,5,2,5,5,5,5,2,5,5,5,4,5,5,5,5,5,2,5,5,5,1,5,2,5,5,5,4,5,5,5,5,4,2,5,5,4,5,2,5,5,3,5,5,5,5,3,2,4,5,5
"346",401,5,4,5,1,5,2,1,3,1,5,5,1,3,1,1,3,3,3,1,1,5,4,3,3,2,4,1,3,1,4,4,1,5,4,4,4,1,3,3,3,2,1,3,3,3,3,1,1,2,4,3,1,4,3,5,3,4,2,2,3,5,4,4,2,4,5,2,5,3,3,5,4,4,3,5
"347",402,2,4,2,4,5,1,5,2,2,4,1,5,5,4,2,4,5,2,1,5,2,5,2,1,5,2,5,4,4,5,2,1,5,3,4,1,5,5,5,5,1,1,5,4,5,4,5,1,5,3,1,5,5,5,1,2,5,5,4,5,1,5,5,5,4,1,5,4,1,5,1,4,1,1,5
"348",406,3,4,3,5,4,5,5,2,4,3,5,5,2,5,1,2,4,5,4,2,2,3,5,3,2,3,5,5,5,5,3,1,4,5,2,3,1,2,5,1,3,3,5,4,3,3,5,3,4,3,3,3,2,5,5,3,3,3,5,5,3,5,2,5,3,3,5,4,2,1,1,5,5,1,5
"349",407,5,5,5,3,4,3,5,4,3,5,3,3,3,3,3,3,5,4,2,2,5,5,4,3,4,4,4,5,1,4,4,1,5,2,5,5,5,3,5,5,5,3,5,3,4,5,3,2,3,2,1,4,5,4,4,4,4,3,3,4,3,5,4,4,4,5,5,5,2,3,3,4,3,3,5
"350",408,2,4,3,5,4,3,4,4,5,3,3,5,5,5,3,5,2,3,4,1,5,2,4,4,4,5,2,2,5,5,2,1,3,3,2,1,4,5,3,4,1,1,3,4,5,3,5,2,4,2,2,2,5,4,4,1,3,5,4,5,3,4,4,4,4,3,3,4,4,3,4,3,1,5,5
"351",409,4,5,1,4,4,1,5,3,5,2,1,1,5,5,4,3,2,3,5,5,3,4,3,1,5,3,3,4,2,5,4,1,4,5,5,5,5,3,5,5,1,1,4,5,4,3,2,5,5,1,1,2,2,1,5,1,4,5,4,5,1,5,5,5,5,4,4,2,5,3,5,4,1,4,5
"352",410,5,3,3,3,3,3,3,3,3,3,3,3,3,1,3,3,3,3,3,4,3,3,3,1,4,3,3,3,2,4,3,3,3,2,3,3,3,3,1,3,1,2,3,1,3,3,3,3,3,3,3,2,3,5,2,3,3,3,3,4,3,4,3,3,3,2,3,3,2,3,1,3,3,1,4
"353",413,4,5,2,4,5,4,4,4,4,5,5,5,4,5,4,4,2,5,4,5,3,5,5,3,5,3,4,4,2,5,5,4,4,2,5,1,4,4,5,4,5,2,4,5,5,4,5,2,3,1,4,5,4,3,5,5,4,5,2,5,3,5,4,5,5,5,5,2,5,4,3,4,2,5,5
"354",414,4,3,2,4,5,5,5,5,5,4,4,5,1,4,4,5,5,4,1,5,3,5,2,1,5,4,5,2,1,5,3,2,2,4,4,5,5,4,2,4,4,4,5,1,3,4,5,3,4,4,2,5,4,5,4,2,4,1,2,2,3,5,5,1,3,5,5,4,2,1,3,4,1,1,5
"355",411,4,5,4,3,4,3,5,2,2,1,2,1,4,3,3,4,5,2,2,1,3,2,3,2,2,2,5,2,3,3,4,2,2,3,2,3,5,5,3,3,3,2,4,2,3,1,5,5,2,4,2,4,5,3,3,4,4,4,3,4,2,4,5,1,3,5,5,4,1,1,3,4,3,1,4
"356",415,4,5,4,4,5,4,5,4,4,5,3,4,5,3,2,5,3,2,3,3,4,2,4,4,5,5,5,4,3,3,4,2,5,4,1,4,5,3,3,3,2,4,5,2,1,5,5,2,5,3,1,3,4,5,5,5,3,5,3,5,3,4,4,4,2,3,4,3,4,3,1,3,1,1,4
"357",417,4,4,4,5,4,5,2,2,4,2,3,2,4,5,4,4,2,2,5,4,5,4,4,4,5,4,2,2,4,5,4,2,4,5,4,4,4,4,5,5,2,2,2,4,3,4,4,2,2,2,2,4,4,4,4,5,4,4,4,4,2,5,3,4,4,4,2,4,4,4,3,3,2,4,5
"358",418,5,5,2,3,4,2,1,4,5,1,2,5,5,5,1,5,5,2,5,4,3,5,4,1,1,4,5,1,4,5,3,1,5,5,5,3,1,2,5,5,1,1,5,5,5,1,2,5,3,5,5,2,2,4,3,1,1,1,2,5,3,1,1,5,5,5,2,1,5,5,3,3,1,5,5
"359",420,4,5,2,5,2,2,5,3,5,2,2,5,2,5,4,5,2,2,5,5,3,5,4,5,5,4,3,4,5,5,2,4,5,5,5,2,4,4,5,5,2,2,4,5,5,4,5,4,3,2,3,4,2,4,5,3,4,5,5,5,3,4,4,5,3,4,4,2,5,2,2,5,3,5,4
"360",421,3,3,5,5,4,1,5,5,5,1,2,5,5,5,5,5,3,4,4,5,3,3,3,2,5,3,2,2,4,5,3,1,5,5,5,3,4,3,5,5,1,2,5,5,3,5,1,3,4,1,1,3,3,5,5,3,5,4,5,5,1,3,4,5,4,3,3,5,5,3,3,5,4,5,5
"361",423,5,4,4,3,4,1,5,4,3,3,5,5,4,3,5,3,4,3,1,2,3,3,3,1,2,3,4,4,1,4,3,3,3,2,4,4,3,4,4,1,3,1,3,2,1,3,1,5,1,5,2,2,4,3,3,2,5,5,3,2,3,4,4,2,3,4,4,4,2,1,4,3,4,1,4
"362",422,2,1,1,2,4,1,1,1,2,5,2,1,5,4,5,4,1,5,3,2,4,2,3,1,5,5,4,4,1,3,1,1,4,4,4,1,1,3,4,5,1,1,5,4,5,3,1,2,3,3,1,4,2,4,1,1,1,3,3,5,3,5,1,5,5,3,1,3,4,4,3,3,3,3,4
"363",424,4,5,4,4,5,3,1,4,5,4,1,2,2,5,3,4,2,5,4,5,4,5,4,4,4,4,5,2,2,5,3,5,5,5,4,1,5,1,5,5,4,4,5,3,5,5,5,3,4,5,2,5,2,2,5,1,4,5,4,5,3,5,4,5,3,5,2,5,5,3,2,3,4,5,5
"364",425,5,2,2,3,5,5,4,3,4,4,5,2,5,1,5,5,1,3,4,3,5,3,5,1,4,4,2,4,3,2,4,1,5,1,5,3,3,3,1,5,4,2,5,2,5,2,4,4,2,5,2,5,5,1,5,3,5,2,3,4,3,4,5,4,5,5,2,3,4,4,5,5,2,1,5
"365",427,2,2,3,3,2,2,3,3,2,1,3,2,4,4,2,5,2,4,4,2,4,2,4,2,2,4,4,4,2,4,2,1,4,4,5,2,2,2,4,4,2,2,4,2,4,4,2,2,2,4,2,4,2,2,4,4,2,1,3,4,4,4,4,2,3,3,4,4,3,2,4,4,4,4,4
"366",429,1,4,1,5,5,1,4,1,4,5,1,1,1,4,2,2,1,2,5,2,3,3,2,2,5,2,4,1,5,5,5,5,2,5,3,5,2,2,1,1,4,4,4,5,5,2,5,2,5,1,1,5,2,4,2,2,5,2,5,5,4,5,1,5,4,3,5,1,5,1,1,5,1,3,2
"367",430,4,1,5,5,5,4,5,5,5,5,4,1,5,5,4,5,5,2,5,2,2,5,2,2,5,3,2,4,2,5,1,1,5,3,5,3,1,2,5,5,1,1,5,4,3,4,4,1,5,5,4,3,5,5,4,2,5,2,4,4,2,5,5,5,5,4,5,4,2,1,5,3,1,1,5
"368",433,3,3,3,4,5,5,3,2,3,5,5,3,5,3,5,5,2,3,1,5,5,5,3,5,5,5,1,3,1,5,3,3,5,3,3,1,1,1,5,5,1,1,1,3,3,3,5,1,5,5,5,1,3,1,5,1,5,1,1,5,3,5,1,5,3,3,3,5,3,5,5,3,1,5,5
"369",435,5,4,5,4,5,5,5,5,4,3,5,5,5,4,2,5,5,5,2,4,5,5,5,4,5,5,5,5,1,5,5,1,5,5,5,5,5,5,5,5,5,3,5,2,5,3,5,5,4,4,4,5,2,5,5,5,5,5,5,5,4,5,5,5,2,4,5,5,2,2,1,4,5,5,5
"370",436,5,3,4,4,5,5,3,4,4,5,5,1,4,1,5,5,3,5,1,1,4,1,5,1,2,4,2,5,4,5,3,1,4,3,3,5,2,5,3,5,3,1,5,3,3,5,1,4,4,5,4,1,2,4,1,1,1,5,3,4,2,2,4,4,4,4,2,3,2,5,3,3,4,2,5
"371",439,4,3,3,2,5,1,2,3,3,4,2,2,2,5,4,5,3,3,3,2,4,2,3,1,3,4,3,2,3,5,3,1,3,3,5,3,5,5,5,1,5,1,3,3,5,4,2,2,5,1,1,2,2,1,4,5,1,3,4,5,3,5,2,1,5,5,1,1,3,5,2,3,2,2,5
"372",441,5,5,4,5,4,2,4,4,5,4,4,2,4,3,4,3,5,4,4,4,3,4,4,4,5,4,4,5,4,5,4,3,4,2,4,1,4,5,5,4,1,2,4,3,5,3,3,5,3,4,5,5,5,5,4,3,5,1,3,5,3,4,4,5,4,4,4,3,4,4,3,4,5,5,5
"373",440,3,2,2,1,4,2,4,3,2,4,3,1,3,1,3,3,3,3,4,3,2,5,4,1,4,2,5,4,3,4,2,5,3,2,3,1,5,4,2,5,4,5,5,2,5,3,4,2,3,4,4,4,5,2,2,4,4,5,3,4,3,4,3,4,4,4,4,4,2,2,3,4,2,4,4
"374",442,5,5,4,4,5,5,5,4,5,5,5,5,4,5,5,4,5,5,5,5,4,5,5,3,5,4,5,5,5,5,4,4,4,5,5,4,5,5,5,5,5,3,5,4,4,3,5,1,3,1,1,3,1,5,1,1,5,5,5,1,5,5,3,5,4,5,5,5,5,5,3,3,1,5,5
"375",351,4,5,5,5,2,5,5,5,5,3,5,2,5,3,4,4,1,5,4,1,4,5,5,2,5,3,2,5,1,5,5,2,5,4,2,5,5,2,5,5,5,2,5,5,5,2,2,4,4,4,4,5,1,2,3,3,3,2,4,4,3,5,4,5,4,5,5,5,5,1,2,4,5,5,5
"376",444,5,5,5,4,4,4,5,5,4,4,4,2,5,4,4,4,4,4,3,3,4,4,4,1,4,4,5,4,2,4,4,2,4,2,4,2,4,4,4,2,4,2,5,3,3,4,4,4,3,4,2,5,4,3,5,4,5,2,1,4,2,5,5,5,5,4,4,5,4,2,2,4,5,3,4
"377",446,5,4,3,4,4,1,5,4,1,4,4,4,3,4,3,4,4,4,4,3,3,4,5,4,4,3,4,4,1,4,4,2,4,4,3,4,4,3,4,3,5,4,5,4,4,4,4,3,4,5,3,4,4,1,3,3,4,4,3,4,3,4,4,4,4,3,4,4,1,3,1,3,4,3,3
"378",447,4,5,3,4,4,1,4,3,2,4,3,1,2,2,4,4,1,3,3,5,3,3,4,2,5,5,3,3,4,5,1,3,4,3,5,1,1,4,5,5,5,3,4,1,5,5,4,4,5,4,1,2,3,3,2,3,1,5,3,5,1,4,4,1,5,3,5,3,1,4,1,3,3,1,5
"379",448,5,2,5,4,5,5,4,5,5,4,5,4,5,5,4,4,5,4,4,1,2,1,4,4,5,1,5,5,1,5,5,1,5,5,5,5,5,4,5,5,1,2,5,4,5,4,5,5,2,2,2,4,1,1,5,4,2,5,2,4,1,4,5,5,3,5,2,5,5,5,2,3,4,4,5
"380",451,3,4,5,5,3,4,3,5,5,5,3,4,3,5,3,5,3,5,5,1,3,3,5,2,5,2,1,5,5,5,1,1,5,5,4,2,3,4,5,5,2,1,5,5,1,3,2,3,3,2,1,3,1,3,5,1,4,2,5,5,2,4,5,5,3,3,4,2,5,5,3,3,4,3,4
"381",445,4,3,4,4,5,4,4,4,5,5,5,2,4,4,5,5,1,5,4,5,5,5,4,4,4,5,4,4,2,4,5,4,5,2,4,5,5,4,5,4,5,4,4,4,4,4,4,2,1,4,3,5,2,3,4,5,5,3,4,4,3,5,3,5,5,5,4,4,5,2,5,3,4,5,5
"382",452,3,5,3,1,2,5,3,2,4,5,3,2,5,4,3,5,4,5,4,5,5,5,5,3,5,4,5,5,5,3,3,3,5,3,4,5,5,4,5,1,5,3,4,3,1,5,5,3,5,3,1,5,5,3,4,5,5,1,2,5,5,3,3,4,3,4,5,1,3,5,3,4,5,2,5
"383",454,5,5,5,4,4,4,4,4,5,5,4,2,4,5,1,5,2,4,4,5,4,5,4,4,5,4,4,4,4,5,2,4,4,4,5,2,5,5,5,5,2,4,5,5,5,1,5,5,2,5,2,5,2,4,5,4,4,5,1,5,2,4,4,4,3,5,2,4,4,4,4,3,4,4,4
"384",449,5,4,3,1,4,2,5,3,4,5,3,5,1,3,3,2,5,4,4,3,3,4,3,4,5,3,2,3,2,5,5,5,4,3,5,2,2,4,5,5,5,5,4,2,5,4,4,1,4,5,4,5,5,1,5,5,5,5,4,5,2,5,5,5,4,4,4,4,1,5,4,5,1,2,5
"385",450,4,4,2,4,4,3,4,4,2,4,5,2,3,3,3,4,2,3,2,5,4,4,4,3,5,4,4,3,3,5,4,2,5,4,4,3,5,3,2,5,4,3,4,3,5,5,4,3,4,5,3,2,3,4,5,5,4,4,3,5,3,5,4,2,3,4,4,3,4,3,4,3,2,4,5
"386",457,5,5,2,2,4,1,4,4,4,5,4,2,2,4,2,2,3,2,5,4,3,2,2,5,5,3,4,2,5,5,4,1,4,5,3,4,2,1,5,4,4,1,2,2,4,3,1,4,5,5,2,4,5,2,2,4,1,5,5,5,5,5,5,5,3,1,5,5,1,3,1,4,4,5,4
"387",458,4,3,4,3,5,3,3,4,5,5,4,4,3,4,4,3,4,3,4,4,4,5,4,3,5,4,4,4,4,4,4,3,4,4,4,1,4,4,5,4,2,3,3,4,4,2,4,4,4,3,4,3,2,4,4,2,3,4,4,4,4,4,3,4,4,4,4,3,4,3,4,3,3,4,4
"388",459,5,4,3,2,4,3,3,3,2,4,5,2,4,1,3,3,4,5,2,5,5,4,5,1,3,4,1,5,2,5,3,2,5,3,5,4,2,5,4,5,4,1,4,2,5,5,5,1,1,5,5,1,5,5,3,2,5,1,3,5,3,4,2,4,3,3,4,5,2,4,4,3,4,2,3
"389",350,5,5,2,4,5,1,2,3,3,5,2,4,4,2,3,3,2,5,2,5,5,5,4,2,5,4,5,4,2,4,4,4,4,2,3,2,2,3,2,5,5,2,4,3,4,4,4,3,4,4,1,5,4,4,4,1,5,5,2,4,2,5,4,4,4,5,5,5,2,5,4,2,4,2,4
"390",467,4,4,3,3,4,3,2,3,4,4,4,2,4,4,4,4,2,4,3,1,4,4,4,2,4,4,4,4,4,5,4,4,5,4,5,3,4,5,4,2,2,3,4,3,4,2,4,4,2,4,4,4,4,3,4,3,4,4,3,4,3,5,4,5,4,4,4,4,4,2,4,4,4,3,4
